SampleID,g__Actinomyces;,g__Acinetobacter;,g__Lactobacillus;,g__Bacteroides;,g__Simplicispira;,g__Rothia;,g__Anaerococcus;,g__Staphylococcus;,g__Burkholderia;,g__Neisseria;,g__Corynebacterium;,g__Porphyromonas;,g__Aeromonas;,g__Streptococcus;,Unclassified,g__Stenotrophomonas;,g__Haemophilus;,g__Veillonella;,g__Macrococcus;,g__Leptotrichia;,g__Propionibacterium;,g__Prevotella;,g__Granulicatella;,g__Lautropia;,g__Chryseobacterium;,g__Peptoniphilus;,g__Pseudomonas;,g__Streptophyta_Group;,g__Gemella;,g__TM7;,g__Rhodococcus;,g__Bifidobacterium;,g__Enhydrobacter;,g__Massilia;,g__Brevundimonas;,g__Ralstonia;,g__Paracoccus;,g__Sphingomonas;,g__Amaricoccus;,g__Neisseriaceae_Group;
S_15277396,0.0106288,0.0136349,0.00114161,0,0,0.0171636,0.000944784,0.0470444,0,0.0976671,0.0249581,0.0131679,0.000664301,0.0436687,0.00153527,0.0202637,0.0137781,0.0059049,0,0.00897545,0.303984,0.0189429,0.0163566,0.00206672,0.00531441,0.000354294,0.00298296,0.00484202,0.00171242,0.00224386,0.00342484,0.000236196,0.0294064,0.000153527,0.00797162,0.000354294,0.0090345,0.00215529,0.000767637,0.145423
S_15277407,0.00107554,0.00315425,0.00520168,0,0,0.00258129,0.0324616,0.0412771,0.000130368,0.006023,0.173904,0.00101687,0.000156442,0.00680325,0.00127109,0.0112442,0.00335046,0.00101687,0,0.000195552,0.535382,0.00485947,0.00250307,0.000625766,0.00860429,0.0246787,0.00271361,0.000547545,0.000912576,0,0.00168175,0,0.0359816,8.60E-05,0.00136886,0,0.00453681,0.000469325,0.000312883,0.000469325
S_15277418,7.98E-05,0.000559308,0.0011565,4.65E-05,0.00159517,0,0.039002,0.0634002,0.000398793,0,0.0226581,0.00534383,0.000558311,0.000970397,0,0.0032834,0,0,0,0,0.768634,0.047935,0,0,0,0.0169022,0.000183445,0,0,0,0.000159517,7.98E-05,0,0.000350938,0,0,0,3.99E-05,0,0
S_15277419,0.000411162,0.000481744,5.48E-05,0.000191875,8.22E-05,0.000338066,0.00444055,0.306321,0.000137054,0.000191875,0.00895875,0.000164465,0.000438572,0.00205124,0.00115125,0,0.000187307,0.000328929,0,0.000109643,0.656077,0,0.000246697,0.000109643,0.000520805,0.000986788,0.000317965,0.000164465,0.000100506,0,0,0,0.000657859,4.93E-05,0.000191875,0.000137054,0.000493394,0.000219286,0.000603037,0.00411162
S_15277430,0,0.000692705,0.000130461,0,0.00588337,0.000101002,0.00141403,0.212533,0.00191904,0.000202004,0.00138457,0.000732264,7.58E-05,0.000878296,0.00131303,0.0083495,0.000782765,0.000126252,0,0,0.743829,0.00323206,0.000151503,0,0.000883767,0.00155291,0.000139509,0,4.21E-05,0,0.000126252,0,0.00103527,0.000927535,0.000353507,0,0.000404008,0.000391383,0.000429258,0
S_15277441,0.00283048,0.00556706,0.00272161,0.000217729,0.0242223,0.000925348,0.00391912,0.155752,0.0110497,0.00114308,0.0118753,0.000707619,0.00125194,0.00499869,0.00781102,0.034383,0.00404613,0.000925348,0,0.000272161,0.575185,0.00527993,0.00103421,0.000326593,0.000435458,0.00400077,0.00206933,0,0.000163297,0,0.00408242,0,0.00293934,0.00252566,0.00370139,0,0.000272161,0.000272161,0.000108864,0
S_15277452,0.00186617,0.000900947,0.000179706,0.000165882,0.0279097,0.00335911,0.00700852,0.139645,0.0107409,0.00692558,0.01316,0.00286147,0.000435441,0.015716,0.00455485,0.0377382,0.0037047,0.00290294,0.000414705,0.000995293,0.603811,0.00200095,0.00286147,0.000165882,0.000497646,0.00255044,0.0016761,0.000290294,0.00261264,0.000497646,0.000207353,0.000110588,0.00642793,0.00328654,0.000704999,0,0.00398117,0.000435441,0,0
S_15277463,0.000106329,0.00162152,4.73E-05,0.00256292,0.00852994,0,0,0.0771101,0.00349704,0,0.00190604,0.000118143,0.00109873,0.000419408,0.000212658,0.0231876,0.000283544,0,0,0,0.839029,0.00035443,0,0,0.000165401,0,0.00102745,0.000283544,6.30E-05,0.000401687,0,0,0.00158312,0.00137991,0.0113654,0.000259915,0.000401687,0,0.000330801,0
S_15277474,0.000979766,0.00286763,0.000508027,0.180511,0.00718495,0.00286672,0.000326589,0.0350974,0.00250385,0.0126281,0.00662249,0.00134264,0.000635033,0.0357016,0.00359247,0.0134143,0.00254013,0.00308445,0,0.00341104,0.100626,0.00118842,0.00616889,0.00177809,0.00587859,0.00185067,0.000885418,0,0.00441499,0.00101605,0,0.00435451,0.00214097,0.000783812,0.00696722,0,0.038864,0.000798328,0.00221354,0.0952096
S_15277483,0.00010856,0.000571748,0.000159824,0.000120967,0,0,0.000470425,0.0171741,0,7.24E-05,0.0264222,0,7.24E-05,0.000454141,0.000289493,0.00010856,0,0,0,0,0.946207,0.000123034,0,0,0,0.000560892,5.55E-05,0.000434239,0.00010856,0,0.000325679,0.000253306,0.00010856,0.000115797,0.000506612,0.000217119,0.000578985,0,0,0
S_15277484,0.000108639,0.000567339,0.00685636,0.000407197,0,0.000225326,0.000555268,0.33037,0,9.66E-05,0.0166661,0.000144853,0.000217279,0.00236029,0.000506984,0.000104616,0.00167788,0.000168995,0,0,0.622456,0.000922228,0.000241421,4.83E-05,4.83E-05,0.000168995,7.02E-05,9.66E-05,0.000684026,4.83E-05,0.000120711,0.00232569,0.000120711,0,0.000603553,0.000313847,7.24E-05,0.000289705,0.000289705,0
S_15277485,0.000286539,0.000273644,0,0,0.00189116,0,0.000171923,0.0787829,0.00051577,0.000458462,0.00305641,0,0.000458462,0.000431718,0,0.00322834,0.000286539,0,0,0,0.90552,0.000286539,0,0.000114615,0,0.000114615,0.000343846,0,0.000114615,0,0,0,0.000916924,0.000206308,0,0,0.00149,0,0,0
S_15277486,0,0.000426099,0,0,0.000125786,0,0,0.0703645,0,0.000125786,0.00859535,0,0.000125786,0.000303982,0,0,0,0,0,0,0.918109,0,0,0,0,0,0,0,0,0,0,0,0,0,0.000628928,0.000817606,0,0,0,0
S_15277487,0.000342411,0.00219896,0.000136964,5.48E-05,0.00019175,0.000410893,0,0.200203,0.000109571,0.00101354,0.00402675,0.000876572,0.000827264,0.00341589,0.000342411,6.85E-05,0.00117789,0.00284886,0.000136964,0.00019175,0.760837,0.00212021,0.00194489,5.48E-05,0,0,0.000294017,0,0.000319583,0.000273929,5.48E-05,0,0,0.000164357,0.00293104,0.00468418,8.22E-05,0,0.000630036,8.22E-05
S_15277488,0.000127462,0.0036416,0.00271494,0.000214136,0.000356894,0.00020394,0.00718887,0.099859,0.000152955,0,0.00401931,0.000611819,0.00047161,0.00084295,0.000713788,0,0.000152955,0.000458864,0,0,0.84691,0.0013562,0.000713788,0.00010197,0,0.00496253,0.00023453,0,0.000577829,0.000305909,0.000560834,0,0.00188644,0.000112167,0.00163152,0.00729084,0.000254924,0.00010197,0.000356894,5.10E-05
S_15277489,0.00782627,0.0103759,0.00559135,0.000182882,0.00274323,0.0576293,0.00222686,0.0483518,0.00103274,0.0208808,0.0136812,0.00338869,0.00559135,0.105238,0.00174276,0.000710012,0.0527722,0.00852014,0.000258186,0.00267868,0.425426,0.0350488,0.0249472,0.00906879,0.000548646,0,0.00106825,0.000968198,0.0140604,0.00426007,0.00900424,0.000129093,0.0114893,0.000426007,0.0134902,0.0454408,0.00322733,0.00167821,0.00267868,0
S_15277490,0,0.000442954,0,0,0.00063441,0,0,0.0403394,0.000135945,0,0.00169931,0,0.00018126,0,0.000226575,9.06E-05,5.29E-05,0,0,0,0.950573,0,0,0,0,0,6.34E-05,0.000135945,0,0,0.00120085,0,0,5.44E-05,0.000498465,0.00280953,9.06E-05,0.00018126,9.06E-05,0
S_15277491,0.0004869,0.000224723,0.000524354,0,0.000224723,0,0.00314612,0.593494,0,0.000749077,0.0079527,0.000299631,0.000168542,0.00127343,0.000374538,0,0.0004869,0,0.000149815,0.000149815,0.314912,0.00106743,0.000299631,0.000149815,0,0.000449446,0.0620685,0.000599261,0.000349569,0.000149815,0.000299631,0,0.000149815,4.49E-05,0,0.00696641,0.000299631,0.000112362,0,0
S_15277492,0,0.000219773,0.00039283,0,0.000254809,0,0.000191107,0.308446,0,0.000318511,0.0047989,0,0,0.000233575,0,0,0,0,0,0,0.683143,0,0,0,0,0.000127404,2.65E-05,0.000191107,0,0,0.000254809,0,0,0,0,0.00101924,0,0,0,0
S_15277493,0,0.000451414,0.000128061,0,0,0,0.000192091,0.0807294,0.000128061,0,0.00323353,0,0,0.000325487,0.000128061,0,0,0.000256121,0,0,0.905133,0.000768364,0.000192091,0,0,0.000384182,0,0.00377779,0,0,0.000320152,0,0,0,0.000384182,0.00236912,0.000256121,0,0.000128061,0
S_15277494,0.00194331,0.000631575,0.000242913,0,0.000202428,0.000890683,0.00157894,0.0753922,8.10E-05,0.0033603,0.00426448,0.000971654,0.000212549,0.00580766,0.000607284,0,0.003502,0.00170039,0,0.0011336,0.871857,0.00241901,0.00137651,0.000202428,8.10E-05,0.00143724,0.000750333,0.000283399,0.00213224,0.000445341,0.000647769,0,0.000161942,0.000186234,0.00125505,0.0044939,0.000445341,0.000182185,0.000445341,0
S_15277495,0.00311706,0.00588941,0.00707144,0.0188785,0.00234696,0.000268923,0.00542735,0.127653,0.000953453,0.00303149,0.0100316,0.00276257,0.00450323,0.0190079,0.00788432,0.00139351,0.00453094,0.00640525,0.000220028,0.000708978,0.340652,0.00875832,0.00281146,0.000317818,0.000220028,0.00178467,0.00240424,0.0135684,0.00864627,0.000122238,0.0046328,0.113265,0.000537845,0.000361823,0.00207804,0.0203892,0.00029337,0.000501174,0.000635635,0
S_15277496,0.0028775,0.000474007,0.000336186,0.000122684,0.00220831,0.00327901,0.000624574,0.0050122,0.000713799,0.00954706,0.00161906,0.00475122,0.000111531,0.0677637,0.000356899,0.00433484,0.00833509,0.0599814,0,0.00104839,0.729524,0.0157147,0.0445009,0.00104839,4.46E-05,0.00014499,0.000158932,0.000624574,0.0205068,0.00102609,6.69E-05,0.000479583,0.000602268,0.000289981,0.000156143,0,0.000758411,0.000312287,0.000602268,0
S_15277497,0.00124705,0.00388323,0.0022536,8.91E-05,0.00169243,0.000872936,0.00172806,0.171398,0.000481005,0.00156772,0.0176725,0.00042756,0.00177408,0.0120824,0.000917473,0.00046319,0.00471801,0.00397275,0,0.000338485,0.700397,0.00361288,0.00171024,5.34E-05,0.00039193,0.0029662,0.000590271,0.00163898,0.00166273,0.00053445,0.00531778,0.00021378,0.00220906,0.000185276,0.00812365,0.0254755,0.0007126,0.000543358,0.000766046,0
S_15277498,0,0,0,0,0.00023902,0,0,0.0683119,0,0,0.0341998,0,0,0.000203167,0,0,0,0,0,0,0.895489,0,0,0,0,0,0.000143412,0,7.97E-05,0,0.00011951,0,0,0,0.00023902,0.000896325,0,0,0,0
S_15277499,0.000283458,0.00274422,8.86E-05,0.000678274,0.00233853,0.000885805,0,0.0132942,0.000673212,0.00180704,0.0120588,0.000744076,0.0022588,0.00497823,0.000744076,0.000342511,0.00184247,0.000496051,0,0,0.898171,0.000212593,0.0012047,0,0,0,0.00114092,7.09E-05,0.000708644,0,0.00651953,0,0.000106297,0.000425187,0.00301174,0.0293024,0.000283458,0.000460619,0.000885805,0
S_15277500,0.00684575,0.00314725,0.000863869,0.00136915,0.0251491,0.00144121,0,0.0365563,0.00497218,0.00151327,0.00327876,0.00208976,0.00266624,0.0089235,0.00468394,0.000504424,0.000360303,0.00518836,0,0.000288242,0.750295,0.00665119,0.000504424,0,0.000720606,0.000792666,0.003334,0.00100885,0.00232996,0,0.00389127,0.00291845,0.0367509,0.00403539,0.00295448,0.00165739,0.00583691,0.00108091,0.000144121,0
S_15277501,0.00330064,0.00194302,0.00107945,0.000348746,0.00543878,0.000747314,0,0.272205,0.000581244,0.00402719,0.00664279,0.00016607,0.000591623,0.012813,0.000622762,0.00016607,0.00101718,0.0028647,0,0.000581244,0.591665,0.000332139,0.00303077,0.00294774,0.00220042,0,0.000705796,0,0.00150847,0.000747314,0.000539727,0.000539727,0.0453786,0.00052312,0.00215891,0.000415174,0.0088017,0.000456692,0.000290622,6.23E-05
S_15277502,0,0.000476034,0.0027234,0.00152714,0.000807978,0,0.000161596,0.00846223,0.00010773,0,0.0012389,0,0.000141396,0.00048748,0.0012389,9.43E-05,0.000305236,0.000161596,0,0,0.942183,0.00038783,0,0,8.08E-05,0.00010773,0.000368079,0.000215461,5.39E-05,0,0.000161596,0.00689475,0.000323191,0.00010773,0.00301645,5.39E-05,0.00667929,0.000121197,0,0
S_15277503,0.00524266,0.00721389,0.00102856,0.00122773,0.0186067,0.0107903,0.000343156,0.0529299,0.00316466,0.0251647,0.0149527,0.000838825,0.00229724,0.0251571,0.00217332,0.000381284,0.00774007,0.00529985,0.000305027,0.0038891,0.0960836,0.00327523,0.00457541,0.0030884,0.186639,0.000152514,0.00165859,0.00549049,0.00419412,0.00156326,0.000743504,0.000978629,0.189231,0.00258511,0.00484231,0.000838825,0.0072444,0.0036222,0.000533798,0.0747031
S_15277504,0.00249083,0.00750435,0.000125507,0,0.00305079,0.00150608,7.72E-05,0.0103804,0.000399048,0.00698977,0.00162837,0.00030894,0.000530991,0.0110884,0.000502028,0.00020596,0.00316664,0.00212396,0,0.000733733,0.820082,0.0013323,0.00266461,0.00015447,0.00115853,0,0.0010446,0.00579263,0.00123576,7.72E-05,0.000675807,0,0.0138637,0.00046341,0.00343696,0.00015447,0.000926821,0.00030894,0.000115853,0.0774571
S_15277505,0.00127759,0.000698247,0.00493748,0,0.00804501,0.00161912,0.0177092,0.0264474,0.00111315,0.00533804,0.00502181,0.00356713,0.00032256,0.00494676,0.000569223,0.00101195,0.00197331,0.000379482,0,0.000278287,0.841336,0.00362405,0.00172032,0.000101195,0.000101195,0.012135,0.00145152,0.000581872,0.000640903,0.000278287,0.00189741,0,0.00237809,0.00345581,0.0040984,0.000936055,0.000556573,0.000303585,5.06E-05,0
S_15277506,0,0.00015367,0,0,0.00117348,0,0,0.0478667,0.00011176,0,0.00838199,0,8.38E-05,3.73E-05,0,0,0,0,0,0,0.941577,0,0,0,0,0,2.24E-05,0,0,0,0.00016764,0,0,3.35E-05,0.00011176,0,0,0.00011176,0,0
S_15277507,0.00038435,0.000306279,0,0,0.00264241,0.000336306,9.61E-05,0.122963,0.00169755,0,0.00157744,0,0.000240219,0.00137005,0,0.00413176,0.000336306,0.000288263,0,0,0.861521,0.000120109,0.000336306,0,0,0,0.000192175,0,0,0,0,0,0,0.000403568,0,9.61E-05,9.61E-05,0,0,0
S_15277508,0.00043757,0.0519753,0.0156067,0,0.0182613,0,0.0014294,0.326597,0.00259625,0.000495913,0.054881,0,0.00870765,0.00221119,0.00299006,0.00384089,0.00110851,0,0,0,0.139643,0.000729284,0,0.00110851,0.0264876,0.000408399,0.00505248,5.83E-05,0,0.00064177,0.00288796,0.000505637,0.124474,0.00287046,0.100408,0.00224619,0.0151691,0.00705947,0.000845969,0
S_15277509,0,0.00490666,0.00147956,0.00190402,0.00128541,0,0,0.0123239,0.000482029,0,0.00371564,0,0,0.00376518,0,5.36E-05,0,0.00128541,0,0.000321353,0.666405,0.00372769,0.00136575,0,0,0,0.00027315,0.000241015,0,0,0.000562367,0.00246371,0.000321353,0.000401691,0.00417759,0.000160676,0.000401691,0.000160676,0,0.278191
S_15277510,0,3.23E-05,0,0.000248129,0.000286855,0,0,0.219633,5.74E-05,0,0.0974159,0,9.32E-05,5.74E-05,0.000215141,0,0,0,0,0,0.679272,3.44E-05,0,0,0,0,2.87E-05,0,0,0,0,0.000745822,0,5.16E-05,0,8.61E-05,0,0,0,0
S_15277511,0,0.000550377,0.00038364,0,0.000236086,0.000177065,0.00457417,0.0336482,5.90E-05,0.000118043,0.0149423,0,0,0.000221331,0.000295108,6.89E-05,0.000147554,5.90E-05,0,0,0.932335,0.00116863,0,0,0,0.00168212,0.00030101,0,0,0,0.000870569,0.000118043,0,6.49E-05,0.000206576,0.00466271,5.90E-05,8.85E-05,0.000118043,0.000177065
S_15277512,0.000346799,0.000651853,0.000218355,0,0.000102755,0.00064222,0.000308266,0.0756792,0.000179822,0.000744975,0.00855437,0,0.000366065,0.00222379,0.000102755,0,0.00173827,0.000411021,0.000102755,0.000333954,0.894664,0.000518914,0.000256888,5.14E-05,0.00084773,0.000436709,8.88E-05,5.14E-05,0.00029114,0,7.71E-05,5.14E-05,0.000744975,4.62E-05,0.00084773,0.00125875,0.00174684,7.71E-05,7.71E-05,0
S_15277513,0,0.00021815,0,3.39E-05,0.000310634,0,0,0.00303292,0.000112958,0,0.000785999,0,5.65E-05,9.88E-05,0,0,3.29E-05,8.47E-05,0,0,0.993323,3.39E-05,8.47E-05,0,0,0,3.55E-05,0,0,0,0,8.47E-05,0.000367113,3.95E-05,0,0,0.000197676,0.000183557,0,0
S_15277514,0.00112425,0.00824146,0.0132791,0.0320168,0.00926935,0.000321215,0,0.0574791,0.00169785,0.00064243,0.015533,0,0.00475857,0.00453984,0.0190435,0.00273798,0.00183551,0.0030286,0.000963645,0.00128486,0.2176,0.00155101,0.000137664,0,0.00100953,0.000550654,0.002429,0.000825982,0.000428287,0,0.00387752,0.187635,0.00234028,0.0014317,0.00844337,0.000229439,0.00142252,0.000229439,0.00160608,0.000149136
S_15277515,0.00315965,0.00472873,0.000210643,0,0.0157477,0.00299114,0.000581376,0.0459438,0.002553,0.00285632,0.0116528,0.00045499,0.00549653,0.0107963,0.00080887,0.000160089,0.0212834,0.00174413,0,0.000429712,0.817414,0.00267938,0.00240133,0.002553,0.000151663,0.00197162,0.00191601,0,0.00129756,0,0.00404435,0.000151663,0.00154191,0.00200195,0.00133969,0.000606653,0.00371575,0.000492905,0.000328604,0.000309646
S_15277516,0.00317479,0.00309141,0.00147515,0.000166756,0.0239873,0.00044896,0.00044896,0.164839,0.00423305,0.00808128,0.00331375,0.00121861,0.00293427,0.0135575,0.000769645,0.000384823,0.00352754,0.000833782,0.000192411,0.000192411,0.683702,0.00574989,0.00493856,0.00044896,0.000256548,0.000256548,0.00191129,0,0.00198825,0.00109033,0.00618923,0.00207377,0.00352754,0.00330947,0.00455373,0.000833782,0.000641371,0.00147515,0.000256548,0.0181187
S_15277517,0,0.00426921,0.00234359,0.000635222,0.00112995,0,0.000397574,0.0534074,0.000857923,0,0.0258911,0.000418499,0.00627225,0.0022306,0.00219712,0.0013392,0.00106717,0,0,0.000711448,0.729862,0.000209249,0.000418499,0.000418499,0.037351,0,0.00169213,6.28E-05,0,0,0.00232267,0.00149962,0.0390041,0.000347354,0.00366187,0.0237707,0.0200461,0.000439424,0.00012555,0.00012555
S_15277518,0.00276058,0.00584858,0.00129469,0.00216138,0.111386,0.00205439,0.00134819,0.0462365,0.0594488,0.000577796,0.00927683,0.000962993,0.00386802,0.0143914,0.00179759,0.158209,0.00295318,0.00256798,0,0.000449397,0.386417,0.00282478,0,0.000962993,0.000128399,0.000385197,0.0497981,0.000577796,0.000256798,0.000513596,0.00102719,6.42E-05,0.00147659,0.0158316,0.00102719,0.000641995,0.000641995,0.00147659,0.00134819,0.000128399
S_15277519,0.000673036,0.00369933,0.00205702,2.28E-05,0.00214234,0.00100481,0.0192811,0.0941293,0.00091002,0.00235089,0.0344259,0,0.000856936,0.0051928,0.0015167,0.00127024,0.000132711,0.000777309,0,0,0.715219,0.00680619,0,0.000549804,0.000360216,0.00277746,0.00260764,9.48E-05,0.000379175,0.000284381,0.000985855,0,0.0027111,0.000413301,0.00320403,0.018845,0.00453114,0.000398134,0.000322299,0.00176316
S_15277520,0.000491965,0.000368974,0,0,0,0.000491965,0,0.00380921,0,0.000140561,0.00210842,7.03E-05,0.000193272,0.00142084,0.000105421,0.000245982,0.000386544,0.000456824,0,0.000105421,0.982313,0.000421684,0.000527105,0,0.000105421,0.000386544,2.11E-05,0,0,0.000140561,0.000105421,0,0.000667667,2.81E-05,0.000351403,0.00242468,0.000281123,5.27E-05,0,1.76E-05
S_15277521,4.72E-05,0.0009796,0.000467599,0.000113953,0.000212188,0.000377222,0.000235764,0.00911818,7.07E-05,0.000754445,0.0120515,9.43E-05,0.000548151,0.00121615,0.000943056,0.000106094,0.00167392,0.000447952,0,0,0.933343,0.000938341,0.000141458,9.43E-05,0.000165035,9.43E-05,0.000561118,0.000353646,0,0,0.000318281,0.000275058,0.000188611,8.02E-05,0.000943056,0.0075916,0.00155604,0.000282917,0.000471528,0.0120534
S_15277522,0,9.65E-05,0,5.14E-05,7.02E-05,4.68E-05,4.68E-05,0.00154332,4.68E-05,4.68E-05,0.000132507,0,0,0.000270471,4.68E-05,0,7.02E-05,4.68E-05,0,0,0.992717,7.48E-05,7.02E-05,0,0,0,8.63E-05,0,0,0,8.18E-05,0,0.0022916,1.40E-05,0.000140302,0.0010055,0.000327371,5.85E-05,0,2.34E-05
S_15277523,4.91E-05,0.000447061,2.86E-05,4.91E-05,0.000196241,7.36E-05,7.36E-05,0.119138,9.81E-05,0,0.0170402,0,0.000190108,0.000233853,0.000294361,8.59E-05,0.000175799,0,0,4.91E-05,0.856075,0.00012265,0,4.91E-05,0,0,0.00024203,9.81E-05,4.91E-05,0,7.36E-05,4.91E-05,0.000490602,9.81E-06,0.000196241,0.00264925,9.81E-05,3.68E-05,0,0
S_15277524,5.54E-05,6.58E-05,0,0,8.31E-05,5.54E-05,5.54E-05,0.00687607,0,0,0.00165761,0,0.000200852,0.000171763,0.000110815,0,0,0,0,0,0.986115,0,0,0,0,0,0.0001496,0,1.85E-05,0,0,0,0.00044326,1.66E-05,0.000249334,0.00121897,0.000470964,6.93E-05,0,0.000311667
S_15277525,0.00221921,0.000916001,0,0.0037644,0.000184934,0.000184934,0.000115584,0.00746517,0.000277401,0.00115584,0.00522053,0,0.000849541,0.00191368,0.000416102,0,0.000901553,0.00175687,0,0,0.903865,0.00625539,0,0.00099402,0.000231168,0.000115584,0.00252897,6.94E-05,0.000346751,0,0.00204583,0.0123655,0.0011096,0.000639564,0.000254284,0.0106337,0.00078597,0.000184934,9.25E-05,0.000381426
S_15277526,0,0.000414695,0,0.000111515,0,0,0.00150545,0.0387067,0,0,0.00561755,5.58E-05,0,0.000215595,0.000111515,6.97E-05,8.36E-05,0,0,0,0.885789,0.000250908,0,0,0,0,0.0047338,0,0.000111515,0,0.0576252,0.000446059,0.000111515,0,0.000195151,5.58E-05,0.000557573,6.97E-05,8.36E-05,0
S_15277527,0.000949148,0.00294314,0,0,0,0,0,0.00383738,0.000141196,0,0.0045078,0,0.00480065,0.00165042,3.14E-05,0.00029808,0.000329456,0,0,0,0.232973,0,0,0.000141196,0.000251014,0,0.0985043,0,0,0.000611848,0.636682,0,0.00106681,0,0.000282391,0.00125507,6.28E-05,0,0,0
S_15277528,0,0.000211326,1.52E-05,9.12E-05,0,9.12E-05,0,0.00242036,0,0,0.0026251,0,0.000197643,0.000141897,0,0.000101355,0,0,0,0,0.756516,0,0,0,0,0,0.0309661,0,9.12E-05,0,0.204606,0,0.000121626,9.12E-05,0.000212846,0.000395286,0.000121626,7.60E-05,0,0
S_15277529,0.00576613,0.016357,0.00228292,0,0.0289954,0.000729592,7.06E-05,0.502011,0.0096259,0.00228292,0.0111518,0.000917873,0.00135916,0.00399902,0.00141211,0.057167,0.00223584,0.00237706,0,0.000894338,0.266419,0.00103555,0.000494239,0.0012709,0.00546017,0.000188282,0.00319827,0.00550724,0,0.000753127,0.00644865,0,0.00305958,0.00457054,0.00181221,0.000400099,0.00397745,0.00251827,0,0.000176514
S_15277530,0.00270549,6.64E-05,0.000110602,0.000604907,0,8.51E-05,0.000306282,0.197925,5.10E-05,0.00125065,0.0141358,5.10E-05,0.000178665,0.00195212,0.000408376,0,0.00119961,0.0004339,0,0.000178665,0.768998,0.000440281,0.000153141,0.000306282,0,0.000178665,2.04E-05,0,0.000212696,0.000178665,0,0.000910339,0.000127618,1.53E-05,0,0.000102094,0.000204188,0,0,1.28E-05
S_15277531,0.00125265,0.00619278,0.000375795,0.00219214,0.00288109,0.00288109,0.00331952,0.0258296,0.00131528,0,0.0194787,0,0.00653465,0.00564527,0.00241135,0.000855977,0.00262012,0.00156581,0,0.00169108,0.0990219,0.00533628,0,0,0.00050106,0.000970803,0.71153,0,0.00294372,0,0.000876854,6.26E-05,0.000688957,0.000200424,0,0.0358884,0.000814222,0,0.00106475,0.000140923
S_15277532,0,0.000539573,0.00300176,0,5.95E-05,0.000168694,0,0.00618016,0,0.000327465,0.014086,8.93E-05,0.0010717,0.00112876,0.000267926,0,0.000297696,0.000119078,0,0,0.658056,0.000208387,0.000535852,5.95E-05,0.000178617,0,0.0376109,0.000178617,6.95E-05,0,0.268938,0.000238156,8.93E-05,0,0.000238156,0.000327465,0.000267926,0.000238156,8.93E-05,0
S_15277533,0.000290204,0.000210398,0.00106408,3.63E-05,0.000145102,0.00026602,0.00652959,0.113194,0,0.00174122,0.0101027,0.00444979,4.84E-05,0.00323336,0.00026602,4.84E-05,0.00107617,0.000120918,0,0.000362755,0.807492,0.00211607,0.000507857,4.84E-05,0,0.00805719,0.0250817,0,0.000878673,0.000290204,0.000181377,0,0.000918979,1.93E-05,0.000193469,0.00237,7.26E-05,0.000350663,7.26E-05,0
S_15277534,0.0059643,0.00119081,0.000204959,4.92E-05,0.000204959,0.00459108,0.00368926,0.0730719,0,0.00274645,0.0103094,0.00139372,0.000901819,0.0122128,8.20E-05,8.20E-05,0.00627174,0.00188562,0,0.000819835,0.208238,0.00113547,0.000819835,0.00155769,0.000204959,0,0.0981916,0.000491901,0.000833499,0.000122975,0.544207,0.00124342,0.000655868,0,0.00102479,0.000655868,0.000819835,0.000471405,0.000532893,0.0029719
S_15277535,0.000591696,0.000290398,0,8.30E-05,6.23E-05,0.000342561,0.000685122,0.00800347,6.23E-05,0.000716264,0.000368512,0.000124568,0.000490485,0.00305502,0,9.34E-05,0.00224222,0.000467128,9.34E-05,0,0.680046,0,0.000124568,0.000404845,9.34E-05,6.23E-05,0.0449813,0,0.000124568,0,0.251284,0.000186851,6.23E-05,0,0.000280277,0.000591696,0.000155709,0.000295848,0.000155709,0
S_15277536,0,9.03E-05,0.000286049,0,0,0,0,0.0140917,0,0,0.00667448,0,6.02E-05,0.000450151,0,0,0.000361325,0,0,6.02E-05,0.944594,0,6.02E-05,0,0,0,0.00484176,0,0,0,0.0266929,0,0,0,0,0.000120442,9.03E-05,4.52E-05,0,0.000888258
S_15277537,0.000262178,0.00142637,0.000355813,0.000280905,0,7.49E-05,7.49E-05,0.0050488,0,0,0.00194137,0,0.000805262,0.00124722,0.0018727,0.000262178,0,0.000299632,0,0.000337086,0.185023,0.000134835,0,0,0.000224724,5.62E-05,0.0978043,0.00037454,0,0,0.608254,0.000911382,0.0102624,0.000104871,0.000561811,0.000674173,0.0382406,0.00121726,0.000486902,0
S_15277538,6.70E-05,0.000275196,0.000145134,0.000502386,0,0.00013397,0.00926623,0.2742,6.70E-05,4.47E-05,0.0123326,0,0.00013397,0.00051355,0.000379581,0,0,0.000267939,0,0,0.443239,0.000142901,0,0.000156298,4.47E-05,0.000312596,0.0359738,0.000446565,0.000111641,0.000111641,0.216473,0.000751719,4.47E-05,8.04E-05,0.000111641,0.000468894,6.70E-05,7.81E-05,0,0
S_15277539,0.000308451,0.00079426,0.000529507,0.00137966,0,0,0,0.0994506,0,0.000154225,0.00149599,0,0.000370141,0.000573718,0.000586056,8.23E-05,0.00018507,6.17E-05,0,6.17E-05,0.765944,0.000104873,0.00012338,0,0,0,0.0179266,0.000154225,0.00012338,0.00012338,0.0894044,0.00519225,0,0.000251167,0.000339296,0.000154225,6.17E-05,0,6.17E-05,0.000115669
S_15277540,0.000502238,0.000249236,0.000318084,0.000286276,0,0,0.000150671,0.720149,0.000226007,0.000100448,0.00122211,0,0.000326455,0.000761728,0.000125559,0.000226007,0.000125559,5.02E-05,0,0,0.0985642,0.000106726,0.000150671,0,5.02E-05,5.02E-05,0.0244088,0,0.000150671,0.000150671,0.147733,0.000518979,0.000150671,0,0.000376678,0.000351567,0,0.000113004,5.02E-05,0
S_15277541,0.0025538,0.00100574,8.61E-05,0.000229555,0.00625538,0.00295552,0.00025825,0.130554,0.00298422,0.0134864,0.00590866,0.000487805,0.000143472,0.00943042,0.000143472,0.0127212,0.00178862,0.00628407,0,0.00220947,0.727948,0.000545194,0.00289813,0.000430416,0.000143472,0.000114778,0.000525108,0.000401722,0.00153993,0.00071736,0.000344333,2.87E-05,0.000746054,0.00139455,0.000143472,0.000172166,0.000401722,5.74E-05,0.000114778,0.0460186
S_15277542,0.00250313,0.00227041,0.00320713,0.00562849,0.000391113,0.0201163,0,0.051361,0,0.00340269,0.0030898,0.000664893,0.00220979,0.031321,0.000664893,0.000456299,0.0457668,0.00156445,0,0.000899561,0.175141,0.00191646,0.0041458,0.000430225,0.000195557,0.000156445,0.0968149,0,0.00365039,0.000821338,0.501094,0.000156445,0.000234668,0,0.00312891,0.000664893,0.00132979,0.000332446,0,0.00239557
S_15277543,0.000269347,0.000756667,5.99E-05,5.99E-05,0,7.98E-05,8.98E-05,0.0250792,0,0.000299275,0.00168093,0.000149637,5.99E-05,0.000747688,0,5.99E-05,0.000179565,0.000149637,0,0.000179565,0.923143,0.000314239,5.99E-05,0,0.000179565,0,0.00523432,5.99E-05,0.000249396,0.00011971,0.0220117,0,0.000508767,0,0.000448912,8.98E-05,0.00104746,0.000149637,0.00047884,0.0141333
S_15277544,0.000275263,0.00030786,0.00125076,0.000223108,0,0,0.00182543,0.0152061,0,0.00017385,0.00176748,0.000202826,0.000304238,0.000807439,0.000231801,0,0.000260776,0.000202826,0,5.80E-05,0.870788,0.00102137,0.000347701,5.80E-05,0,0.000593989,0.0160734,0,0.000241459,0,0.0829846,0.00064711,0.000144875,0,0.0001159,5.80E-05,0,7.24E-05,8.69E-05,0
S_15277545,0.00281286,0.0185758,0.000205702,0.000351608,0,0.0011497,0.00210965,0.01531,0.000334864,0.0204267,0.00390117,0.0123565,0.00144829,0.0205272,0.00103808,0.000580432,0.0218053,0.00589361,0,0.00187524,0.050732,0.0252906,0.00837161,0.000770188,0.000100459,0.000971107,0.0976839,0,0.00170781,0.00324818,0.639558,0.000301378,0.00100459,8.04E-05,0.001239,0.000669729,0.000535783,0.001239,6.70E-05,0
S_15277546,6.35E-05,0.000334068,0.000507846,0.000146006,0,0,0,0.0133754,0.000190442,0,0.000624228,0,0.000222183,0.000611531,0.000158702,0.000920471,0,0.000380885,0,0.000126962,0.802302,0.000304708,0.000126962,0,0,0.000142832,0.0250241,0.000126962,0,0,0.149529,4.23E-05,0.000253923,0,0.000349144,0.000253923,0.000285663,0.000460236,6.35E-05,0
S_15277547,3.53E-05,0.000341659,0.000211699,0,0,0.000164655,9.41E-05,0.0447203,0,0.000211699,0.00953431,0.000282266,0.000164655,0.000384979,4.70E-05,0,0.000517487,7.06E-05,0,0,0.875989,7.53E-05,9.41E-05,7.06E-05,4.70E-05,4.70E-05,0.0113377,0,4.70E-05,4.70E-05,0.0533247,4.70E-05,0.000117611,0,0.000164655,0.000164655,0.000305788,4.70E-05,7.06E-05,0
S_15277548,0.00017643,0.000193443,3.26E-05,0.000302452,0,0.000529291,0.000151226,0.0545925,0,0,0.00154166,7.56E-05,0.000100817,0.00163996,0.000151226,0.000126022,0.000226839,0.000428473,0,0,0.802304,0.000383106,0.000327656,7.56E-05,0,0,0.0205566,0.000201634,0.00017643,0,0.111453,0.000336057,0.00113419,0,0.000327656,0.000252043,5.04E-05,7.56E-05,0.000100817,0
S_15277549,0.000327011,0.000240227,0.000427629,0.000176083,0,0.000125773,0.000704331,0.131338,0,0.000125773,0.0722149,5.03E-05,0.000352165,0.00107536,0.000276701,0,0.000150928,0.000402475,0,5.03E-05,0.69852,0.000654022,0.000352165,0,0,0.000830104,0.0151473,0,0.000402475,0.000125773,0.0722694,0.000352165,0.000100619,0,0.000176083,0.000201237,0.000276701,3.77E-05,0,0
S_15277550,0.000608004,0.000430073,0.00209225,0.00221743,0.000429179,0.000357649,0.00264661,0.115635,0.00014306,0.000715299,0.042292,0.000357649,0.00118918,0.00200403,0.0041845,0,0.0027539,0.000429179,0,0,0.636258,0.00498563,0.000286119,0.000107295,0.000107295,0.00169883,0.126186,0.00014306,0.000107295,0,0.000232472,0,0.000178825,9.30E-05,0.000286119,0.00779676,7.15E-05,0.000482827,0,0
S_15277551,0.000353723,0.000107427,0,5.24E-05,0.000183412,0,0,0.0939331,5.24E-05,0.00015721,0.000554603,0,7.86E-05,0.000393026,5.24E-05,0.000812253,0,0.00031442,0,7.86E-05,0.876578,0.000220094,5.24E-05,0,0,0,0.019681,0,0,5.24E-05,0.000288219,5.24E-05,0,1.57E-05,0,0.00209614,0.000104807,0,0,1.97E-05
S_15277552,0.00240958,0.00609797,0.0060928,0.000103268,0.0361437,0.0015146,0.0368322,0.160182,0.0154213,0.0326326,0.0305702,0.0142165,0.00588627,0.0258279,0.000705664,0.0629245,0.0144231,0.00808932,0,0.000344226,0.313211,0.0149136,0.0142854,0.00065403,0.00251285,0.0048249,0.00232254,0.0177965,0.00880072,0.00530108,8.61E-05,0,0.00392418,0.00590692,0.00323573,0.000413071,0.0124954,0.0044061,0.000206536,0.0010671
S_15277553,0.00045223,0.000927852,6.24E-05,0,0.00109159,0.000686142,6.24E-05,0.0530887,0.00018713,0.000124753,0.00128912,0,0.000834287,0.000797901,0.000478221,0.000207922,6.76E-05,0.00137228,0,0,0.79081,0.000171536,0.000155941,0,6.24E-05,0,0.13517,0,6.24E-05,0,0.000467824,2.08E-05,0,9.36E-05,0.000155941,0.00882629,0,0.000233912,0,0
S_15277554,0.00166981,0.00089675,0.000278302,0.000921488,0.00247379,0.00204088,0.00142243,0.079953,0.000556604,0.00105136,0.00516404,0,0.00154612,0.00558974,0.00142243,0.000968902,0.0023501,0.000618448,0,0.00012369,0.482513,0.000445283,0.000556604,0.000247379,0.000247379,0.00222641,0.289037,0.000247379,0.000453529,0.000185535,0.00213365,0,0.0023501,0.000420545,0.000618448,0.0356845,0.0471258,0.000711216,0.000371069,0.00313863
S_15277555,0.000445424,0.0017687,0.00206009,0.000371187,0.00230136,0.00101458,0.000965085,0.0860707,0.000296949,0.000816611,0.0158064,0.000296949,0.0018151,0.00485265,0.0406449,0,0.00326644,0.0011878,0,0,0.420332,0.0011878,0.00126203,0,0.000371187,0,0.202001,0.000593899,0.000420678,0,0.000853729,0.000222712,0.000890848,0.000282102,0.000519661,0.0183366,0.000148475,0.00311797,0.000371187,0.000983645
S_15277556,0.00035089,0.000802662,0.00111115,0,0.000643299,0.000233927,0.00213458,0.0706401,5.85E-05,0.000964949,0.0100101,0,0.000497095,0.00238264,0.00498069,8.77E-05,0.000331396,0.000614058,0,0.000233927,0.77655,0.00035089,0.000146204,0,5.85E-05,0.000409372,0.092713,0.000146204,0.000467854,8.77E-05,0.000497095,0,0.000292409,0.000175445,0.000438613,0.00839213,0.00035089,0.000307029,0,0
S_15277557,0.0049458,0.000514721,0.00161876,6.04E-05,0.000290929,0.000656456,0.00125323,0.250718,0,0.00259598,0.0263142,0.00174557,5.04E-05,0.00706958,0.000290929,0.00221554,0.00176795,0.00689278,0,0.0032226,0.608131,0.00571676,0.00115476,0.000335687,8.95E-05,0.000749702,0.0409211,0.00176795,0.00187985,0.0052591,0.000123085,4.48E-05,0.000760892,0.000196937,0.000156654,0.00295405,0.000111896,0.000246171,4.48E-05,0
S_15277558,0.000384023,0.00225934,0,0.000563234,0,0.0021548,0.000192012,0.0127496,0.000128008,0.0148489,0.011638,0.00652839,0.00083205,0.0128242,0.00115207,0.000768046,0.0049923,0.00595236,0,0.000896054,0.505311,0.00284177,0.00633638,0,0.000320019,0,0.0542241,0.000128008,0.00102406,0.000512031,0.32962,0.00134408,0.000384023,0.000140809,0.00224014,0.000512031,0.00204812,0.000192012,0.000768046,0
S_15277559,0.000135629,5.65E-05,9.42E-05,0.000106242,0.000248653,5.27E-05,0.000248653,0.0242595,6.78E-05,0.0004747,0.000892889,6.78E-05,0.000152582,0.000602794,6.78E-05,0,0.000226048,6.78E-05,0,0,0.962602,0.000158233,0.000113024,0,0,4.52E-05,0.000293862,0,9.80E-05,0,0.000248653,0,0.00155973,3.16E-05,0.000406886,0.00262216,0.000113024,3.39E-05,0,1.70E-05
S_15277560,0.000272433,3.29E-05,0.000961082,4.16E-05,4.54E-05,0.000113514,0,0.0319654,0,6.81E-05,0.000730271,0,0.000136216,0.000524055,9.08E-05,0.000136216,6.81E-05,0.000113514,0,0,0.9549,0,4.54E-05,0,0,0,0.000472217,0,3.03E-05,0,0,4.54E-05,0,2.27E-05,0,0.0016346,0,0.000227027,6.81E-05,0
S_15277561,0.000186256,0.000222399,0.000696244,0.000106432,0,0.000532161,0.000159648,0.153319,5.32E-05,0.00013304,0.00169848,0,7.98E-05,0.00157254,0.000505553,0,5.32E-05,0.000292689,0,5.32E-05,0.830757,0.000266081,0.000212865,0,0.000878066,8.87E-05,0.000686488,0,4.43E-05,5.32E-05,0.000159648,0,0.000425729,3.73E-05,0.000585378,0.00226169,0.00114415,3.99E-05,0.00013304,0
S_15277562,0.00389131,0.00369067,0.00351637,0.0121595,0.000202673,0.00089176,0.00279688,0.0201416,0.000412101,0.00259421,0.0154099,0.000162138,0.00212806,0.00375552,0.00895813,0.000918783,0.00127008,0.00101336,0,0.000689087,0.116577,0.00133764,0.000526949,0.00214833,0.000202673,0.0089176,0.0776209,0.0104984,0,0.000243207,0.491886,0.0597479,0.000608018,1.62E-05,0.000972829,0.000689087,0,0.000425612,0.000405345,0.000435746
S_15277563,0.0631043,0.00365276,0.00094917,0.00276069,0.0407922,0.00557631,0.000782881,0.06752,0.0186655,0.0632897,0.011338,0.017141,0.00296671,0.0781198,0.000453247,0.0861718,0.0271605,0.0346116,0.000123613,0.0136386,0.226211,0.0207072,0.0131442,0.0111251,0.00329634,0.000631799,0.00073893,0.0077052,0.0157126,0.00914735,0.000164817,6.87E-05,0.00473849,0.0062136,0.00337875,0.000494451,0.00626305,0.00618064,0.00337875,0
S_15277564,0.000559401,0.0390635,0.000361966,0.000180983,0,0.000197436,0.000394872,0.0250151,0.000230342,0.00174402,0.00415712,0.00016453,0.000518269,0.00463919,0.000361966,2.19E-05,0.00134366,0.000526495,0.000427778,0.000230342,0.34311,0.000118461,0.000559401,0.000921367,0.000131624,0.000279701,0.0713961,0.000460683,0.000131624,0.000197436,0.434556,0.000537464,0.00223761,0,0.00151367,0.000822649,0.000625213,0.000131624,0.00032906,0.0502227
S_15277565,0,0.000429892,0.000104852,0,0.000104852,0.000125822,0,0.0354692,0,0.000167763,0.0120789,0,6.82E-05,0.000150987,0.000209704,3.15E-05,4.54E-05,4.19E-05,0,0,0.939598,0,0,0,8.39E-05,0,0.000411019,0,4.89E-05,0,0.000146792,0,0.000503288,7.97E-05,0.000125822,0.00301973,0.000125822,6.29E-05,0,0.00443523
S_15277566,0.000151333,0.00936749,4.16E-05,9.08E-05,0,0.000453998,0.000393465,0.00157991,9.08E-05,0.00060533,0.00242132,0,0.00271642,0.000964493,0.000272399,8.07E-05,0.000453998,0.000151333,0,0.000332932,0.216708,0.000363198,0.000211866,0,0.00608357,0,0.08943,0,0,0,0.432327,0,0.195794,0,0.0112289,0.000484264,0.00105933,0.00108959,0.000242132,0
S_15277567,0.00113521,0.00753531,0.0364836,0.0138717,0.00293494,0.00359945,0.000221505,0.0120498,0.000664514,0.00149516,0.00184587,0.000276881,0.0102695,0.00831196,0.0585326,9.23E-05,0.00160591,0.000941394,0,0.000221505,0.365261,0.00459622,0,0,0.00099677,0.00110752,0.00796546,0.00099677,0,0.000886018,0.000941394,0.00125519,0.00631288,0.000130134,0.0037102,0.00908169,0.00071989,0.00764191,0,0.000207661
S_15277568,0.000552371,0.000601259,0.000266662,0,0,0.000190473,0.00106665,0.420282,0,0.000609513,0.0277963,0.000647607,0,0.00224377,0.000266662,7.62E-05,0.000190473,0.000723796,0,7.62E-05,0.528295,0.00204758,0.000190473,0,0,0.00194282,0.000213329,0.00083808,0,0.000571418,0.000152378,0,0.000266662,3.05E-05,0.000190473,0.00171425,0.00041904,0.000152378,0.000190473,0.00132379
S_15277569,0.002439,0.00303046,0.000487801,0.000878041,0.00365851,0.00021138,0.000731701,0.0343509,0.00034146,0.00204876,0.00647962,0,0.00356095,0.00467964,0.00269916,0.000390241,0.000821131,0.000829261,0,9.76E-05,0.849407,0.00116097,0.000585361,0,0.000975601,0.000390241,0.00313865,0,0.000471541,0.000634141,0.00019512,0,0.00131706,0.000848773,0.0002439,0.0437557,0.00131706,0,0.00034146,0
S_15277570,0.0067879,0.000932907,0.000691572,0.000114467,0.000755483,0.00259459,0.0059065,0.0975725,0.000389188,0.0478015,0.057844,0.0144457,0.000910013,0.154208,0.00325087,8.01E-05,0.0814052,0.0227789,0.000183147,0.00283878,0.286282,0.0283489,0.0464736,0.00123624,0.000412082,0.00557455,0.000492781,0.000984417,0.0235192,0.0198028,0,0.000160254,0.000847056,0.00031364,0.000228934,0.00728011,0.00803559,0.000377741,9.16E-05,2.86E-05
S_15277571,0,9.99E-05,4.84E-05,0,0,0.000121118,0,0.0740809,4.84E-05,9.69E-05,0.000165528,0,0.000363355,0.000355281,0.00307641,0,0.000121118,0,0,0,0.91035,0,4.84E-05,0,0,3.63E-05,0.000261616,0,0,0,0,0,4.84E-05,0,0,0.00111429,0.00026646,0.000145342,0,1.82E-05
S_15277572,7.93E-05,0.000345992,0,7.93E-05,0.000198276,0.000198276,0,0.00022207,0,0.000991382,0.000330461,0.000118966,0.000109052,0.000465949,0.00380691,0,0.000237932,0,0,0,0.973299,0,0.000277587,0,0,0,0.000293449,0,0,0.000158621,0,0,0,7.93E-05,7.93E-05,0.00269656,0,0.00041638,0,1.98E-05
S_15277573,0.000128173,0.000650188,0.000293245,0.00228381,0,0.00016313,4.66E-05,0.0874887,4.66E-05,0.000745735,0.002847,0,9.32E-05,0.00238441,6.99E-05,0,0.000380636,0.000116521,0,0,0.806233,0.00234907,9.32E-05,0,4.66E-05,0,0.012272,0,0.000823416,6.99E-05,0.0711711,0.00080788,0.000326259,3.38E-05,0.000233042,0.000139825,0.000279651,6.99E-05,4.66E-05,0
S_15277574,0.0126231,0.0310679,0.0043725,0.00142145,0.0471859,0.00752956,0.000710724,0.0547206,0.0228359,0.0836492,0.0265955,0.00503687,0.00628064,0.0481974,0.00466606,0.10836,0.0371225,0.0179844,0,0.00778707,0.138808,0.013717,0.0185715,0.00466606,0.00139055,0.000540768,0.00371328,0.0167793,0.00945572,0.0058712,0.000525318,0,0.0530262,0.00941246,0.0239174,0.000370813,0.0251535,0.00964113,0.00312101,0
S_15277575,0.000409106,0.00569278,0.000322326,0,0.000198355,0.000322326,0.00153725,0.0770161,0,9.92E-05,0.014203,0,0.000650851,0.00142154,0.00440099,0.000123972,0.000371915,0.000421504,0,4.96E-05,0.856074,0.000371915,0.000446298,0,0.00210752,0.000285135,0.000523987,0.00109095,0,7.44E-05,0.000297532,4.96E-05,0.00128931,2.98E-05,0.000991773,0.0030497,0.00344641,9.92E-05,0.000545475,0.000167362
S_15277576,0.000613759,0.000619412,0.000788734,0.000682749,0.000290728,0.000204586,0,0.113178,9.69E-05,0.000387637,0.0145875,0.000226122,0.00020997,0.00479539,0.00326261,0,0.00355334,0.00187358,0,0.000678365,0.65698,0.00300419,0.00083988,9.69E-05,0,6.46E-05,0.000657137,0.000807577,0.000312263,0.000258425,0.000387637,8.61E-05,0.000742971,4.52E-05,0.000484546,0.00801117,0.000516849,0.000387637,0.000387637,0.158592
S_15277577,0.00444713,0.00102457,0.00257419,0.000169541,0.000505961,0.00173092,0.00300914,0.157253,0.000195283,0.0306772,0.0423964,0.00340858,0.000206379,0.0243265,0.00123827,0,0.00450039,0.00316891,0,0.00415421,0.647896,0.00384797,0.00429268,0.000479331,0.000266295,0.00027961,0.000514838,0.00540579,0.00766043,0.00639109,0.00025298,5.33E-05,0.00135811,0.00011717,0.000452702,0.00785571,0.000505961,5.33E-05,5.33E-05,0.00730315
S_15277578,0.0327344,0.000440687,0.00020181,0,0.00046128,0.0178581,0.00046128,0.224597,9.88E-05,0.00527177,0.0305818,0.000362434,0.000560126,0.0824857,0.000428331,0,0.0178362,0.0195385,0.00764407,0.00243819,0.506255,0.000626023,0.0149257,6.59E-05,0,0.00023064,0.000452768,0.00181217,0.00383302,0.00144974,8.24E-05,0,0.00336075,3.95E-05,0.000757817,0.0046128,9.88E-05,6.59E-05,0,1.65E-05
S_15277579,0.00011152,0.00190643,0.000252779,0,0.00066912,0.000802944,0,0.0366365,6.69E-05,0.00147206,0.00416527,0.000267648,0.000423776,0.00191629,0.00044608,0.000267648,0.000802944,0.000379168,0,0.000245344,0.88074,0.000849782,0.000200736,8.92E-05,0.000579904,0,0.000874874,0.00158358,0.00011152,0,0.000267648,0.000356864,0.0188915,0.000254266,0.00811865,0.00702576,0.00149437,0.00105944,0.00022304,9.48E-05
S_15277580,0.000434722,0.000225955,5.54E-05,0.00029487,0.000283075,0.000101098,0.00127384,0.168749,8.09E-05,0.000363954,0.00188043,8.09E-05,6.57E-05,0.00319032,0.000141538,1.35E-05,6.40E-05,0.000505491,0,0,0.812891,0.00055604,0.000222416,0,6.07E-05,0.000495381,0.000126228,0.000242636,0,0,8.09E-05,6.07E-05,0.000262855,6.87E-05,0.000202196,0.00234548,0.000181977,6.07E-05,0,1.01E-05
S_15277581,0.143375,0.00683218,0.00754441,0.00362132,0.00264378,0.000222167,0,0.0468327,0.000222167,0.00753145,0.00561711,0,0.00516426,0.0533274,0.0168291,0.00122192,0.0121303,0.0530756,0,0.0007998,0.337693,0.0155517,0.0261712,0,0.0009331,0,0.0013495,0.0282152,0.000451739,0.0023994,0.00111083,2.96E-05,0.00111083,0.000124413,0.0188842,0.0159738,0.102219,0.0014663,0,3.33E-05
S_15277582,0.00148599,3.80E-05,4.76E-05,7.13E-05,7.13E-05,4.76E-05,0,0.0530391,7.13E-05,0.00085593,0.00100255,0.00028531,0,0.00201698,0.000309086,5.55E-05,0.000404189,0.000499293,0.00187829,0.00249646,0.919626,0.00251667,0.000475517,0,9.51E-05,0,5.53E-05,0.00316219,6.34E-05,0.00116502,4.76E-05,0,0.000903482,3.80E-05,4.76E-05,0.00254401,4.76E-05,0,0,0
S_15277583,0.000515609,0.000197455,0.00176948,0.000124996,0,0.000757789,0,0.00480922,7.03E-05,0.00107809,0.00271085,0.000140621,9.37E-05,0.00360731,0.000585919,0,0.000472641,0.000257804,0,0.000187494,0.954814,0.000820287,0.00119527,0,0.000914034,5.86E-05,0.00032167,7.03E-05,0.000437486,0.000773413,0.000257804,7.03E-05,0.00496859,2.81E-05,0.00421862,0.00403112,0.0059295,0.00079685,0.000164057,0
S_15277584,0.0928958,0.00161852,7.07E-05,0.00226087,0.000494565,0.0188406,0.00195471,0.0514913,0.000141304,0.0820742,0.0400715,0.00819565,0.00151313,0.1093,0.00297916,0.000478864,0.111489,0.0229619,0,0.0268949,0.097076,0.0114633,0.0449112,0.0571105,0.000306159,0.00208424,0.000760688,0.000141304,0.00618599,0.030875,0.000824275,0,0.000306159,0.000202536,0.00032971,0.0118225,9.42E-05,0.00032971,9.42E-05,0
S_15277585,0,0.00108245,0,0,8.51E-05,0,0,0.0661093,0,0,0.00220677,0,0.000659901,6.39E-05,0.0162634,0,0,0,0,0,0.828197,0,0,0.000255446,0,0.000212871,0.00349717,0.000851486,0,0,0.000787624,0,0,2.13E-05,0,0.000425743,0,0.00185198,0.000170297,0.000457674
S_15277586,0.000650563,0.000654423,0.000242583,4.41E-05,0.000176424,0.000720398,0.00211709,0.138745,7.35E-06,0.00339616,0.0158782,0.00617484,8.82E-05,0.0129837,0.0040798,0,0.00711576,0.00275662,0.000264636,0.000507219,0.743605,0.00282278,0.00176424,0.000264636,0.000198477,0.000463113,0.000749067,0.000352848,0.00115411,0.00022053,0.000485166,0,0.00174219,0.000102546,0.000860067,0.00498398,0.00202888,0.000771855,0,0.00122394
S_15277587,0.00386068,0.00179619,4.10E-05,0,0.000512027,0.00374804,0,0.15745,0.000208224,0.00778281,0.0150365,0.00147464,0.000880686,0.0210255,0.00114694,0,0.00970803,0.00686116,0,0.00106502,0.71141,0.0110803,0.00940081,0.00364563,0.000266254,0,0.000405525,0.000122886,0.00520902,0.00196618,0.000245773,0,0.000163849,1.64E-05,0,0.00505883,0.000307216,0.000122886,0,0.000972851
S_15277588,0.000679952,0.00201376,0.0151647,0.00126059,0.00116308,0.000220686,0.0041155,0.0211823,0.000107361,0.000393656,0.00836669,0.000984141,0.000477756,0.00417126,0.00210248,0.0141955,0.00100502,0.000984141,0.00998455,0.000393656,0.668858,0.00423807,0.00103782,0,0.0348565,0.00367711,0.00551238,0.00436601,0.000226651,0.000143148,0.000545751,0.000423479,0.087678,0.000286295,0.010414,0.016802,0.0082131,0.00162831,0.000196828,0.0020667
S_15277589,0.00481187,0.000673377,0.00153752,0,0.000370144,0.00461256,0.000512507,0.162265,0.000142363,0.024999,0.0199166,0.00199308,0.000612161,0.0514016,0.000569452,0.000170836,0.0776496,0.00242017,0.00740288,0.000142363,0.544254,0.00518771,0.0112752,0.00136669,0,0.000256254,0.00084184,0.000199308,0.0118446,0.00347366,0.000355908,0,0.00122432,0.00105091,0.000740288,0.010122,0.000569452,8.54E-05,0.000227781,0.036751
S_15277590,0.00016162,0.00121548,0.000114085,0,0.000475353,0.000361268,0.0086134,0.397456,3.80E-05,0.000456339,0.010209,0.000152113,0.000418311,0.00174264,0.000475353,3.80E-05,0.00055141,3.80E-05,0,0,0.549679,0.000170176,0.000171127,0.000684508,3.80E-05,0.000171127,0.000330846,0.000114085,0.000272536,0.000190141,0.000313733,0,0.000665494,0.000140705,0.000608452,0.00758664,0.00249085,0.000114085,0.00055141,0
S_15277591,0.0132672,0.00673319,4.09E-05,0,0.00149116,0.00894013,0.00375853,0.118234,0,0.0176692,0.0603067,0.00120518,0.00613826,0.149957,0.000204268,0.000197459,0.0227248,0.00665914,0,0.00181799,0.459092,0.00518841,0.0223878,0.00173628,0.0011439,0.00359512,0.00237359,0.00126646,0.0123582,0.00275762,0.00342149,0,0.00788475,0.000110305,0.00241036,0.0102747,0.00326829,0.00110305,0,0.000817072
S_15277592,0,0,0,0,5.83E-05,0,0.000145827,0.134265,0,0,0.0407925,0,0,7.87E-05,0.000145827,0,0,0,0,0,0.821878,0,0,0,0,0,1.56E-05,0,0,0,0,0,0,1.17E-05,5.83E-05,0.000641637,0.000554141,0.000174992,0,0.00010937
S_15277593,0.00157128,0.0173416,0.00162147,0.00103835,0.000549946,0.000261879,0.0211337,0.0324835,0.00013094,0.000654698,0.00999069,0.000288067,0.00021605,0.00233247,0.00280211,0.0189862,0.000445195,0.000209503,0,0,0.646344,0.00464836,0.00117846,0,0.00788257,0.012867,0.00105057,0.000654698,0.000270609,5.24E-05,0.000549946,0.000261879,0.0229406,0.000350918,0.0023831,0.0144819,0.00371869,0.00167603,7.86E-05,0.126907
S_15277594,0.00325897,0.000310127,0.000711207,0.000290535,0.00045874,0.00152276,0.000764567,0.303476,3.82E-05,0.00110862,0.00328764,0.00022937,0.000219813,0.0106565,0.000974823,0.000152913,0.00493464,0.00447272,0,0.000172028,0.647168,0.000772213,0.000668996,0.00168205,5.73E-05,0.000512897,0.000324941,0.00105128,0.000465112,0.000363169,0.00016247,1.27E-05,0.000114685,5.35E-05,0.000554311,0.00345967,0.000172028,9.56E-05,0,0
S_15277595,0.000783676,0.00080952,0.00146731,0.000978205,0.00963754,0.000867046,0.00503553,0.0165072,0.00143396,0.00193418,0.0111771,0.00176744,0.00110882,0.00888611,0.000200087,0.000233435,0.00143396,0.000733654,0,0.000833698,0.323975,0.00387169,0.00263448,0.000733654,0.00016674,0.00131724,0.0913466,0,0.00156735,0.000333479,0.468438,0.001534,0.0039017,0.00124721,0.00293462,0.000933741,0.000266783,0,0.000733654,0.00315971
S_15277596,0.00264864,0.0253229,0,0,0,0,0,0.00132432,0,0,0.000126126,0,0.017027,0,0.141419,0.00378378,0,0,0,0,0.0325405,0,0,0,0.00132432,0,0.0231459,0,0,0,0.00643242,0,0.00586486,0.00297973,0.00454053,0.00245946,0.00548648,0.0125811,0,0.000472972
S_15277597,0.0241617,0.0110093,0.00497129,0.000140919,0.00516701,0.0128392,0.00393398,0.0862148,0.000587161,0.0244259,0.0154179,0.0102166,0.0062239,0.0901869,0.00974687,0.00234864,0.0282424,0.0186717,0,0.010334,0.199811,0.0152779,0.0153836,0.0109799,0.000528445,0.00463857,0.00489301,0.000176148,0.0102166,0.00416884,0.00164405,0.00205506,0.00234864,0.000816992,0.00551931,0.0686391,0.00616519,0.000704593,0.00123304,0.201044
S_15277598,0.000259177,0.000747294,0.000595147,0.000143987,0.000201582,0.000172785,0.0011807,0.074021,0.000287975,0.000201582,0.00129109,0,0.000151187,0.00034509,0.000201582,5.76E-05,8.64E-05,0.000172785,0.00478038,5.76E-05,0.857732,0.000293734,0,0,0,0.000489557,0.000276456,8.64E-05,0,0,0.00011519,0,0.00120949,3.46E-05,0.00143987,0.00305253,0.00351329,0,0.000287975,0.0436281
S_15277599,7.50E-05,0.00527852,0.000752981,0.00187464,0.00346809,0,0,0.0150646,0.000474909,0,0.00163094,0,0.0103949,0.000732672,0.00682369,0.000943569,0.000224957,0.000974813,0.227356,0,0.568129,0.00176216,0,0.000243703,0,9.37E-05,0.00613226,0,0,0,0.000449914,0,0.0031119,0.000434917,0.0026245,0.027426,0.000281196,0.00151846,0,0
S_15277600,0,0.000494004,0,0,0,6.55E-05,0,0.0466034,0.000305682,0,0.0010335,0,0.00125002,0.000365727,0.000436688,6.55E-05,0,0.000109172,0.023865,0.000152841,0.91246,0.000397386,6.55E-05,0,4.37E-05,0,0.000397386,0.00039302,0,0,0,0,0.000262013,2.62E-05,0.000218344,0.00141924,0.000611364,0,0,0
S_15277601,0.0010611,0.001432,8.20E-05,7.72E-05,0.000945342,0.0010611,0.000347268,0.075828,0.000231512,0.00304824,0.00143409,0.000733122,0.000694537,0.00548202,0.00225724,0.00215435,0.00498073,0.00258522,0,0.0013119,0.821926,0.00762061,0.00177493,0.000887464,0.000192927,0.00179422,0.00065981,0.00819939,0.000154341,0.00183281,0.00137943,0,0.00538266,0.00373286,0.00104181,0.015492,0.00129261,0.000578781,0.000173634,0.000226689
S_15277602,0.000342058,0.000840673,9.21E-05,2.63E-05,0,0.000114019,0,0.0241861,0,0.00578867,0.00221022,0.000210497,0.000499931,0.00531023,0.0118142,1.75E-05,0.000938466,0.000447306,0,7.89E-05,0.880325,0.000768315,0.00244703,0.000105249,5.26E-05,0,0.000815676,0,0.00219268,0.0021576,0.00036837,5.26E-05,7.89E-05,3.29E-05,0,0.000526243,0,0.0010788,0,0
S_15277603,0.000499607,0.00082221,0.000171294,0.000142745,0.000171294,0.000352104,0,0.0194476,0,0.00182713,0.0035258,0.000314039,0.000135608,0.0041967,0.008165,8.56E-05,0.0012847,0.00082792,0,0.000399685,0.914052,0.000485332,0.000171294,8.56E-05,5.71E-05,0,0.000643303,0.000114196,0.000704208,0,0.000513881,0,0.000199843,0.000137035,0.000713724,0.00319748,0,0.000685175,0,3.57E-05
S_15277604,0.00015919,0.000473591,0.000202778,0.00357382,0.000238785,5.31E-05,0,0.116617,0,0,0.000813639,0.000106127,0.000171129,0.00209335,0.008583,0.00015919,0.000676558,0,0,0,0.714207,0.00118464,7.96E-05,0,0,5.31E-05,0.000790645,0.000371444,0.000168034,0.000106127,0.000305115,0.00798604,0.000132658,0.000114086,5.31E-05,0.00270623,0,0.000530634,0,0
S_15277605,0.00149439,0.00678141,0.00353111,0.001684,0.00216928,0.00506969,0.000457959,0.101195,0.00147029,0.0108464,0.0155626,0.00255493,0.00450728,0.0134206,0.00677298,0.000602578,0.00296067,0.00301289,0,0.000578475,0.672332,0.00847827,0.00298879,0,0.00212107,0,0.00194753,0.00204877,0.00541517,0.00038565,0.00166312,0,0.00438677,0.000634256,0.00453139,0.0305146,0.00332623,0.00606193,0.000168722,0.000174748
S_15277606,0.000237224,0.000911413,0.000287831,6.33E-05,0.000569337,0.000607292,0,0.0104454,0.000158149,0,0.00832496,0,0.000929916,0.000336541,0.000920427,0,0.000246713,0.000113867,0.0161312,0,0.865866,1.14E-05,0,0,0.000113867,0,0.000542767,0,0,0,0.000284668,0.000113867,0.000512403,7.53E-05,0.000683204,0.00650941,0.0518855,0.00400433,0.000189779,1.90E-05
S_15277607,0.000169339,0.000938018,0.000943461,0.000205626,0.00769283,0,0.000483826,0.316809,0.00375771,0,0.00372949,0,0.000102813,0.000475762,0.000266104,0.0123537,0.00019353,0.000120956,0,0,0.543482,0.000411252,4.84E-05,7.26E-05,0.000774121,3.23E-05,0.000106442,0.00162082,4.84E-05,0,0.000326582,0.000177403,0.00377384,0.00108377,0.000266104,6.05E-05,0.000774121,0.000314487,7.26E-05,0.0942009
S_15277608,0.00130153,0.00073432,0.0010364,0.000192819,0.00115692,0.00179965,0.00102837,0.379989,9.64E-05,0.00112478,0.0205701,0,0.00093196,0.00254575,0.000610595,0.000107122,0.000894467,0.000674868,9.64E-05,0.000160683,0.470801,0.00166307,0.000289229,9.64E-05,0.000385639,0.000321366,0.000396351,0.00231383,0,0.000192819,0.00093196,0,0.00456339,0.000141401,0.000385639,0.0101873,0.00122119,0,0.000546321,0.069905
S_15277609,0,0.0256305,0.00602908,0.000502423,0.00318558,0.000427594,0,0.0609963,0,0.00188141,0.00668472,0.000320696,0.0224113,0.00131129,0.00285419,0.00272948,0,0.000149658,0,0,0.288648,0.000508837,0,0.00156072,0.0410063,0,0.00358609,0.00399801,0.000235177,0,0.00720496,0,0.16518,0.00272805,0.136787,0.0431015,0.0278791,0.0402473,0.00243729,0.000122933
S_15277610,0.000107169,0.00110072,0.000633233,0.000510839,0.0026435,0.000196477,0,0.0621438,0.000482261,0,0.0213445,0,0.000602826,0.000331033,0.000803768,5.95E-05,3.57E-05,0,0.0233271,0,0.845689,8.93E-05,0.000142892,0,0.000517984,0,0.00080734,0.000482261,0,0,0.0002322,3.57E-05,0.00144678,0.000442965,0.000339369,0.00649266,0.00330438,0.000303646,0.000160754,8.93E-06
S_15277611,0.000195358,0.000366993,0.000953531,0.00108683,0.0017024,0.000232569,0.000362807,0.0224643,0.000251174,0.00150704,0.00548397,0.000558165,0.000174426,0.00146751,0.000334899,4.65E-05,0.00107912,0.000306991,0.00602818,0.000251174,0.911957,0.0017024,0.000530256,0.000223266,0.000167449,0.000306991,0.000566537,0,0.000195358,0.000111633,8.37E-05,0,0.00108842,0.000312572,0.000251174,6.98E-05,0.000223266,5.58E-05,0.000139541,0.0298339
S_15277612,0.00475291,0.00732201,0.000393732,0.000365608,0.0119526,0.0162555,0.00610284,0.336102,0.00151868,0.0112214,0.0296658,0.0016593,0.00133588,0.0206906,0.00382482,0.000149993,0.0113292,0.00182804,0.00298111,0.00104058,0.267991,0.00615065,0.00275612,0.00809963,0.00112495,0.00978705,0.00265628,0.000112495,0.000721842,0.000421856,0.00127963,4.69E-05,0.000506227,0.0020699,0.00382482,0.00109682,0.0169023,0.00123744,0.0026155,0.115511
S_15277613,0.00136685,0.000636863,0.00151205,0.000919246,0.00690936,0.000751018,0.00231313,0.0443221,0.00129175,0.000510692,0.0067191,0.000390529,0.000210285,0.00316629,0.00400543,0.000210285,0.0056827,0.00174236,0,0.000901221,0.872953,0.00163872,0.000540733,0.000390529,6.01E-05,0.00121665,0.000862168,0.000150204,0.000210285,0,0.000600814,0.000150204,0.000300407,0.00118875,0.000660895,0.000630855,0.000120163,0.00372505,6.01E-05,0.000345468
S_15277614,0.0311758,0.00407519,0.029633,0.00256994,0.0955772,0.00471155,0.000122378,0.0271434,0.0106469,0.00728149,0.0210286,0.00061189,0.00328891,0.0288639,0.0513988,0.0016929,0.00632286,0.0171329,0.000122378,0.00856646,0.19917,0.0162916,0.00734268,0.000305945,0.000428323,0.000979024,0.0141899,0.00128497,0.00193765,0.0011014,0.00614949,0.000326341,0.0379984,0.0141823,0.0373865,0.00422204,0.0115035,0.00920894,0.00152973,4.59E-05
S_15277615,0.0106703,0.000672392,0.00187921,0.000884147,0.00654516,0.0143645,0,0.0126998,0.0006921,0.0559089,0.00698517,0.0144379,0.000859396,0.115723,0.003323,0.000192505,0.0266527,0.129913,0,0.0238156,0.3181,0.0814859,0.0223031,0.00855271,0.000330008,0,0.00039601,0.000110003,0.00494096,0.0520863,0.000605015,0,0.000302508,0.00103953,0.00321758,0.00041251,0.00154004,0.000302508,0.000137503,8.25E-05
S_15277616,0,0.0108973,0.00294809,0.00366447,0.0281819,0.000788765,0,0.164507,0.00752614,0.000739468,0.00500921,0,0.0136725,0.00283627,0.00369734,0.000230057,0.000164326,0.000985957,0.300881,0,0.301144,0.00476546,0.000591574,0.000345085,0.000525844,0.000591574,0.0110166,0.000460113,0.00236082,0.000969524,0.00370555,0.000892839,0.0161204,0.00279628,0.0038288,0.00456005,0.00218554,0,0,0.000320436
S_15277617,0.0203083,0.00322711,0.000364165,4.86E-05,0.00725902,0.00133527,0,0.0283078,0.000825441,0.0119203,0.00660757,0.000995384,0.00125839,0.054558,0.000364165,0.000234684,0.0173585,0.00682202,0.0154649,0.00189366,0.779362,0.00313789,0.0033746,0.000995384,0,0,0.000592375,7.28E-05,0.00190175,0.00111677,0.00134741,4.86E-05,0.0056567,0.000927407,0.000776885,0.000364165,0.000267054,0.000145666,0,0.000200291
S_15277618,0.000116877,0.000981184,0.000233754,0,0.0187237,0,0.000584386,0.0158704,0.00870346,0.000233754,0.00516208,0.000163628,0.000753858,0.00119215,0.00494001,0.0280661,0.000210379,4.68E-05,0,0,0.881441,0.000467509,0.000280505,0.000140253,9.35E-05,0.000198691,0.000794765,0,0,0,0,0,0.00198691,0.00223937,0.000490884,0.000280505,0.000607761,0.000385695,0.00025713,0.00025713
S_15277619,0.000296703,0.000678262,7.42E-05,2.71E-05,0.00306197,9.49E-05,0.000522197,0.102512,0.00018989,0.000166153,0.00247648,0,7.91E-05,0.00122004,0.000213626,0.00018989,0.000142417,7.12E-05,0,0.000901976,0.880067,9.97E-05,0.000166153,0,9.49E-05,4.75E-05,0.000306988,0,7.12E-05,0.000332307,0.000201758,4.75E-05,0.000925712,0.000375032,0.000617141,0.000142417,7.12E-05,0.000308571,4.75E-05,0.000255164
S_15277620,5.25E-05,0.000548898,7.00E-05,0.000157578,0.0014182,0,0,0.0485761,0.000157578,0,0.00043334,0,0.000453037,0.000204852,0.000498998,0.000192596,0.000315157,0.000236367,0,0,0.773315,0.000131315,0,0,0,0,0.0257527,0.000105052,0.000105052,0,0.139115,0.000157578,0.000288893,0.000210104,0.000288893,0.00144447,0.000525261,0.000210104,5.25E-05,0
S_15277621,0.00526444,0.00330377,0.043295,0.000326215,0.009314,0.00161983,0.00661429,0.0314921,0.00128236,0.00911153,0.0237068,0.00404957,0.000489323,0.0193356,0.00313841,0.00496072,0.00615309,0.0108663,0.000337464,0.00620934,0.317284,0.018385,0.0027672,0.000607435,0.0028347,0.00168732,0.00402257,0.0018898,0.00161983,0.00168732,0.00141735,0.000134986,0.0408331,0.00176831,0.00337464,0.00101239,0.00661429,0.000809913,0.000607435,0.342003
S_15277622,0.00115349,0.0073539,0.000831346,0.00153539,0.0328278,0.000701448,0.000607922,0.00887877,0.00366312,0.0019017,0.0113388,0.00068586,0.0154869,0.0120384,0.00370209,0.000322146,0.00502445,0.000561158,0.00211993,0,0.662307,0.0012969,0.00339813,0,0.0525774,0.000919676,0.00397123,0.000155877,0.0030448,0,0.00543232,0,0.0109582,0.00395617,0.0121117,0.00570511,0.0195782,0.00166789,0.00961763,0.000537777
S_15277623,0.000304537,0.00231793,0.0129971,0.000665752,0.00225865,0.000160728,0.00238554,0.130132,0.00134504,0.00152269,0.0190991,5.08E-05,3.81E-05,0.00359396,0.00909805,7.61E-05,0.000621764,0.000380672,0,0.000126891,0.718759,0.00121561,0.000228403,7.61E-05,0.000355293,0.000177647,0.00074527,0.00131966,0.000203025,7.61E-05,0.000545629,0.000177647,0.00149731,0.000390823,0.00093899,0,0.000279159,0.000304537,5.08E-05,0.000133235
S_15277624,0,0.00227281,0.00118403,0,0.0004498,5.29E-05,0,0.103676,0.000582094,0.000105835,0.0298191,0,0,0.000493898,0.000529176,0,0.00021167,7.94E-05,0,0,0.849672,1.06E-05,0,0,0.000476258,0,0,7.94E-05,0,0,0.000780535,0,0.000740846,0.000148169,0.000635011,0.000158753,0.000555635,0.000238129,0.000132294,0
S_15277625,8.52E-05,0.000779242,7.28E-05,0,0.00068177,0,0,0.125463,0.00063916,6.39E-05,0.002617,0,0,0.000265606,0.000127832,0,0.000362191,4.26E-05,0,0,0.866104,8.52E-05,8.52E-05,0,8.52E-05,0,0.000174704,0,0,0,0.000191748,0,0.000255664,0.000117179,0.000149137,0,0,0,0,0
S_15277626,0.00791113,0.0176958,0.0129095,0.00981104,0.0148154,0.00304938,0.000661658,0.043681,0.00837142,0.0214607,0.00992967,0.00756592,8.63E-05,0.0199715,0.00396995,0.00106441,0.00600767,0.00273294,0,0.000719194,0.517589,0.0065274,0.00247403,0.00586862,0.00684673,0.00106441,0.00259485,0.0018699,0.00168771,0.00212881,0.0326946,0.00101646,0.00960843,0.00517244,0.00647274,0.000172607,0.0413393,0.0100975,0.000373981,0.00128016
S_15277627,0.0114151,0.0361527,0.000737446,0,0.00971334,0.00387486,0.000287997,0.0307423,0.0106297,0.00167562,0.0158049,0.00180652,5.24E-05,0.0179391,0.00740937,0,0.000549812,0.00196361,0,0.00178034,0.628697,0.00624429,0.00052363,0.000549812,0.00544575,0.00123053,0.000139635,0,0.00426759,0.00102108,0.0249903,0.000349087,0.0426235,0.00317844,0.0155256,0.00342978,0.00837808,0.0017018,0.000261815,0
S_15277628,0.00159784,0.0606053,0,0.00241129,0.0903218,0.000164626,0.00212077,0.108398,0.0617349,0,0.0985337,0,0.000145259,0.0145443,0.00331189,0.000784396,0,0.00124922,0,0,0.268438,0.000726293,0,0,0.014613,0.00122017,0.0126829,0.005055,0.000261465,0.000581034,0.0550239,0,0.0058975,0.0170766,0.0184478,0.00165595,0.00148164,0.0171115,0.00644948,0.0325888
S_15277629,0.00273746,0.000224189,0.000153392,0,0.00228908,0.000361848,0,0.0167882,0.000873156,0.000684365,0.0459941,4.72E-05,5.31E-05,0.00363068,9.44E-05,0.00369715,0.00143559,0.00174631,0,0.000660767,0.911693,0.000235988,0.000259587,0.000330383,0,4.72E-05,0.000124287,0.000330383,0.000110128,0,0,0,0.000141593,0.000320157,0,0,4.72E-05,8.26E-05,0,0
S_15277630,0.000270281,0.0023611,0.0161171,0.00144793,0.00142863,0.00024454,0.000154446,0.052089,0.000888066,0.00146724,0.139996,0,0.000154446,0.00817085,0.0117508,7.72E-05,0.00150585,0.000193058,0,0,0.622766,0.00136685,0.000695009,0.000115835,0.000270281,7.72E-05,7.53E-05,0.000193058,0.000167317,0.00023167,0.000637091,0.00023167,0.0043245,0.000270281,0.000695009,0,0.000115835,0.000289587,0.000154446,0.00298274
S_15277631,0,0.00919248,0.00443393,0.00106393,0.00199946,0,0.00139412,0.0283496,0.000715404,5.50E-05,0.00494974,0,0.00722741,0.000178851,0.00505369,0.000269041,0.00108228,0,0.258389,0,0.503956,0.00242137,0,0,0.000458592,0,0.0129317,0.00570489,0,0,0.00345778,0,0.0181603,2.93E-05,0.00535636,0.0109695,0.00122903,0.000128406,0.00108228,9.17E-05
S_15277632,0.00258012,0.00270912,0.0249058,0.00118403,0.00169652,0.0025919,0.00183789,0.0698169,0.00017672,0.00498352,0.0245141,0.00109567,0.00179371,0.00714127,0.00424718,0.00381716,0.0022149,0.00250943,0.038419,0.00137842,0.313749,0.0043862,0.00215599,0.000141376,0.00141376,0.000795242,0.0218921,0.0173893,0.00111923,0.000282753,0.0107799,0.00025919,0.00413526,0.000169652,0.009861,0.0156751,0.00742226,0.00137842,0.103275,0
S_15277633,0.00726194,0.0366146,0.00182334,0,0,0.0105314,0.00292364,0.0549581,0,0.0374729,0.0192761,0.00210628,0,0.0272176,0.00694757,0.0544383,0.00537572,0.00968259,0.000471554,0.00569009,0.115091,0.00198053,0.00710475,0,0.0124805,0.000817361,0.00816523,0.00364669,0.00682182,0.00955684,0.0389818,0.000597302,0.246717,0.0035901,0.00961971,0.0215972,0.0620251,0.0197739,0.00176047,8.65E-05
S_15277634,0.0319892,0.00940473,0.00594523,0.000618496,0.000776716,0.0367454,0.000604112,0.0363791,0.000287673,0.0931771,0.0728387,0.00696167,0,0.0865472,0.00358152,0.0730305,0.0234453,0.0252576,0.000431509,0.0230138,0.150712,0.0338231,0.0226974,0.0035096,0.00138083,0.00103562,0.00208926,0.00143836,0.0147288,0.00319316,0.00619934,0.000546578,0.00313563,0.00065877,0.00615619,0.000546578,0.00466029,0.00205686,0.0613605,5.03E-05
S_15277635,0.00233725,0.00506271,0.00205517,0.0030044,0.000402975,0.000689534,0.000886544,0.163117,0.00010746,0.00728041,0.00936692,0.0005373,0.000503718,0.00683221,0.00163876,0.00122683,0.00201487,0.000886544,0,0.000349245,0.334603,0.00160115,0.000725354,0.000510435,0.00048357,0.000147757,0.0502308,0.000188055,0.000295515,0.000698489,0.262471,0.0175876,0.00209547,7.52E-05,0.0112564,0.0069446,0.00255217,0.00271336,0.00016119,2.69E-05
S_15277636,0.0045321,0.00329302,0.00709175,0,0.000263494,0.00344299,0.00221335,0.342449,0.000215187,0.0134909,0.020636,0.00147557,0,0.0224009,0.00138334,0.0257082,0.00893244,0.00252954,0,0.000737783,0.454105,0.00383384,0.00627116,0.00295113,0.00086953,0.00113302,0.000327642,5.27E-05,0.00177419,0.00113302,0.00289843,0.00014053,0.0222389,0.000110667,0.00360987,0.000843181,0.00505908,0.00169954,0.000474289,0.000599449
S_15277637,0.000438032,0.000227976,3.98E-05,2.99E-05,0,0.000696869,0.000378301,0.0668875,7.96E-05,0.00268793,0.00532939,0.00236936,0,0.00810658,7.96E-05,0.00149993,0.00254855,0.000258837,5.97E-05,0.000378301,0.889763,0.00320958,0.000481835,0.000398211,0,0.000192469,0.000115481,0,0.00144683,0.000258837,0.000159284,0,0.000935796,6.17E-05,0.000378301,0,0.00119463,0.000149329,5.97E-05,0
S_15277638,0.000736265,9.36E-05,0.000103335,0,0,0.000232505,0.000155003,0.0153259,0,0.00100752,0.00143809,0.000697515,0,0.00859708,7.75E-05,0.000775016,0.000994604,0.000206671,0,0.00113669,0.954381,0.00117932,0.000671681,0.000284173,0.000723348,0.000111947,3.10E-05,0.000155003,0.00148114,0.000490844,5.17E-05,0,0.000206671,0,7.75E-05,0,0.000904186,5.17E-05,0,0
S_15277639,0.0021275,0.00143146,0.000354584,0.000184111,0.000204568,0.00124786,0.0310943,0.499011,0,0.0101875,0.0207466,0.000736444,8.18E-05,0.0109976,0.000705759,0.0219978,0.00139106,0.000736444,0.000102284,0.000470506,0.347949,0.00116604,0.00132969,0.00372313,0.000163654,0.00171837,0.000247697,0.000368222,0.00057279,0.000163654,0.00170814,0,0.000756901,0.000145925,0.00108421,0.000143197,0.000327308,0.000685302,0.00063416,0.01478
S_15277640,5.09E-05,7.63E-05,6.22E-05,0.0170784,0.00167946,5.09E-05,0.000186607,0.472761,0.000695536,0,0.00228735,3.39E-05,0.00011875,0.00156185,0.000322321,0.00320625,3.39E-05,6.79E-05,0,0,0.448332,5.09E-05,0,0,0,9.33E-05,3.05E-05,0,9.61E-05,0.00011875,0,0.00035625,0.000322321,0.000335893,3.39E-05,0,0.000101786,1.70E-05,0,0.0181136
S_15277641,0.00587971,0.00187318,0.00176912,0.000156098,0,0.00303525,0,0.0136014,0.000156098,0.00593174,0.0138581,0.00208131,0.00369433,0.0115747,0.000806509,0.00610519,0.0141182,0.00176912,0,0.000988624,0.505395,0.00566377,0.00197725,0.000780492,0.000416263,0.000104066,0.000534204,0,0.000156098,0.000208131,0,0.000676427,0.00192521,0.000353823,0.000780492,0.000416263,0.0036423,0.00213335,0.00182115,0.342077
S_15277642,0.00405498,0.0150422,0.0267748,0.000238528,0.000119264,0.00158025,0.00515817,0.140318,0.000278283,0.00143117,0.0679035,0.000327976,0.00229583,0.00611725,0.00152062,0.000417424,0.00152559,0.00420406,0,0.00152062,0.59,0.00345866,0.000506873,0.000238528,0.00122246,0.0176213,0.00162725,0.000536689,0.000546627,0.00369719,0.000417424,0,0.0116283,0.000613216,0.00187841,0.000790125,0.00301142,0.00044724,0.000954113,0
S_15277171,0.000599266,0.0035157,0.00910885,0.0122227,0.000399511,0.000159804,0,0.105798,0,0.000159804,0.00459104,0,0,0.0014196,0.00199755,0.0124914,0.000239706,0.000199755,0,0.000159804,0.786197,0.000279658,0.00035956,7.99E-05,0.00599266,0,0.000759071,0.0017978,0.00013317,0.000559315,0.00499389,0.00049273,0.00842968,0.00010159,0.00143824,0.000799022,0.0017179,0.000878924,0.000679168,0
S_15277172,0.0202478,0.012962,0.00116562,0.00132508,0.00021239,0.00659588,0.00166372,0.0754054,0.000176991,0.0472567,0.0110177,0.00566373,0.00325664,0.0476142,0.00562833,0.0613216,0.0289735,0.0106903,0,0.00679647,0.467824,0.0175239,0.00693806,0.00598231,0.000495576,0.000283186,0.00189971,0.000884957,0.00480237,0.00382301,0.00332744,0.00134513,0.00148673,0.00041062,0.00605311,0.000460178,0.00130974,0.00362832,0.000849559,0.000115044
S_15277173,0.0116219,0.000912983,0.000838454,0,0,0.33636,0,0.0911143,0,0.0672626,0.00776735,0.00391279,0,0.141682,0.00122663,0.00260852,0.0159229,0.00596234,0,0.00768583,0.193962,0.00599728,0.00909257,0.00712686,0.000652131,0,0.000209614,0.000512389,0.00239115,0.00535679,0.000372646,0,0.00493756,5.59E-05,0.00982855,0,0.00293459,0.000885035,0.000186323,0.0148243
S_15277174,0.00735498,0.00288541,0.0023189,0.00053599,0,0.00227299,8.93E-05,0.0174435,0,0.00208441,0.0246456,0.000476436,0.000148886,0.0239895,0.00620855,0.0119407,0.00342934,0.00619366,0,0.000803985,0.807648,0.00417626,0.00613411,0.000178663,0.000416881,0,0.00474674,0.00163775,0.00463532,0.00133998,0.000952871,7.94E-05,0.000506213,4.76E-05,0.00119109,5.96E-05,0.000833762,0.000327549,0.00151864,0
S_15277175,0.00922203,0.00558822,0.00211436,0.0286371,0.000468123,0.0171333,0.00238743,0.0226665,0,0.0485912,0.00901918,0.00617923,0,0.144055,0.00276193,0.0178901,0.352489,0.023687,0,0.000655373,0.150689,0.00559876,0.011469,0.00224699,0.00107668,0.00060856,0.000327686,0.000702185,0.0481699,0.00234062,0.00585154,0.000998663,0.00444717,0.000298039,0.00149799,0.000234062,0.00276193,0.000889435,0.000327686,0.000198952
S_15277176,0.000663827,0.00675352,0.00109716,8.30E-05,0,0.000504017,0.00438863,0.196313,7.38E-05,0.00162269,0.0434745,0.000110638,0.00232339,0.00167616,0.00309786,0.00631865,0.000706853,0,0,0.000147517,0.450148,0.000392764,0.000221276,0.000405672,0.0172595,0.000712999,0.00106827,0.00121702,0.000147517,0,0.000479431,0.000110638,0.0199886,0.000243403,0.013129,0,0.166215,0.00313474,0.000737586,7.38E-05
S_15277177,0.000899729,0.0154914,0.00103548,0,0.0117249,0.00237402,0.000170475,0.132198,0.00346633,0.00403458,0.00696422,0.00123121,0,0.00672903,0.000303067,0.0209242,0.00115544,0.000549308,0,0,0.74168,0.000833433,0.000814492,3.79E-05,0.000700842,0,0.000960816,0.000303067,0.000770294,0.00123121,0.0104747,0,0.00753878,0.00223133,0.00126909,0.000359892,0,0.0002273,0.000322008,0.000336215
S_15277178,0,8.37E-05,8.27E-05,7.03E-05,0,6.89E-05,8.27E-05,0.0315954,0,0.000868007,0.00376136,0.000165335,0,0.00101199,0.000124001,0.00146046,0.000144668,0.000206668,0,0.000124001,0.947698,0.000206668,0,0,0,8.27E-05,0,0,0,0,8.27E-05,0.000179113,0.000661339,0,0.000248002,0,0.000620005,0,0,0.00953774
S_15277179,5.65E-05,0.00217098,0.00134098,0,0,0,0,0.014923,0,0,0.010742,0,0,0.00104738,0.000423467,0.00554272,0.000169387,0,0,0,0.951079,0.000141156,0,0,0.000367005,0.000112925,0.000558036,0.000141156,0,0,0.00239965,0.00110101,0.000197618,3.39E-05,0.000367005,0.000451698,0.000169387,0,0.000169387,0
S_15277180,0.00188288,0.00349188,0.000577701,0,0,0.000613362,0.00023536,0.0802277,0.000299549,0.000748872,0.00185792,0.000128378,0,0.00396724,0.000898646,0.0483807,0.0047072,0.000727476,0,0,0.791793,0.000320945,4.28E-05,0.000363738,0.00141216,0.000427927,0.00256079,0.000256756,6.42E-05,0.000406531,0.0152984,0.000171171,0.00184009,0.000201126,0.00280292,0.000213963,0.00273873,0.00141216,0.00130518,9.63E-05
S_15277181,0.000162794,0.000653212,0.00352043,0,0.00773273,0.000305239,0.000122096,0.0610723,0.00368322,8.14E-05,0.00241139,0,0.00129727,0.000401559,4.07E-05,0.0154383,0,0,0,0,0.895836,7.33E-05,0,0,8.14E-05,0.000162794,9.77E-05,0.000223842,0,0,0.000101746,0,0.000386636,0.00155062,0.000223842,4.07E-05,0.00028489,0,0,6.10E-05
S_15277182,3.83E-05,0.00455963,0.00203619,0.00068991,0,0,0.000440776,0.354503,0,0.000172477,0.019656,0,0,0.000249134,0.000306627,0.00773593,0.000108597,0.000114985,0.000114985,0,0.582897,0.000306627,0,0,0.00126483,0.000421612,0.000118818,0.000440776,0.000121373,0,0.0104061,0.000178866,0.00022997,2.30E-05,0.000632417,9.58E-05,0,0.00160979,0,0.000162895
S_15277183,0.0114554,0.00311369,0.00702217,0.00394466,0,0.0092237,0.000974335,0.181544,0,0.00982686,0.0074583,0.00172596,0,0.0538696,0.00229665,0.0247945,0.0433764,0.0104671,0,0.00222705,0.487641,0.00638885,0.00907523,0.000918658,0.000695953,0.000473248,0.00276022,0.00425923,0.0227252,0.00278381,0.00105785,0.00137799,0.00183732,0.000194867,0.00150326,0.000250543,0.000835144,0.0041618,0.000528924,0.00552587
S_15277184,0.000189938,0.00222524,0.000189938,0.000134539,0,0.00094969,0,0.0392697,0,0.000569814,0.0356371,9.50E-05,4.75E-05,0.000871736,0.000439232,0.00814359,0.000225551,0.000332391,0,0.000118711,0.881122,0.000908141,0.000308649,9.50E-05,0.00201809,0,0.000636094,0.00104466,0.000102883,0,0.0015195,9.50E-05,0.00187564,5.70E-05,0.000498587,0.000166196,0.00857095,0.000830979,0.000308649,2.97E-05
S_15277185,0.000285478,0.00313154,0.000222039,0,0,0.000126879,0.000475797,0.0134492,0,0.000475797,0.0011472,0,0,0.000422931,0,0.00652371,0.000126879,0,0,0,0.955781,0.000412357,0,0,0.00234727,0.000222039,7.61E-05,0.000126879,6.34E-05,0,0.00123707,9.52E-05,0.0030451,2.99E-05,6.34E-05,0.000126879,0.000285478,0.000126879,0.000158599,0.000222039
S_15277186,0.0120881,0.0152589,0.0180833,0.00228815,0,0.00629927,0.0174786,0.0603784,0,0.00776827,0.0731305,0.00169308,0.000398373,0.0342924,0.00188397,0.0234086,0.008814,0.00530334,0,0.00109553,0.502522,0.0364063,0.00338617,0.00575151,0.0135447,0.00700887,0.00233072,0.000473068,0.00279691,0,0.022035,0.00180928,0.00809195,0.000746949,0.00380944,0,0.0072952,0.00214125,0.00313719,0.000112042
S_15277187,9.31E-05,0.000553513,0.000148969,0,0,0,0.000242074,0.0869047,0,0.00083795,0.00104278,0,0,0.000933228,7.45E-05,0.00240212,0.000189315,7.45E-05,0,5.59E-05,0.898655,0.000297938,0.000130348,3.72E-05,0.000111727,3.72E-05,2.70E-05,0,0.000117934,0.00016759,0.000148969,9.93E-05,0.000912435,0,5.59E-05,0,3.72E-05,0,7.45E-05,0.000344491
S_15277188,0.00109283,0.00619165,0.000495586,0.000254147,0,0.0242625,0,0.0305383,7.62E-05,0.0259484,0.00734484,0.00828518,0,0.0147414,0.00462547,0.0124871,0.0100134,0.00200776,0,0.00129615,0.768794,0.00967028,0.00681113,0.000787855,0.0038122,5.08E-05,7.12E-05,0.000508293,0.00270243,0.00401552,0.00480337,0.000711611,0.0076244,7.62E-05,0.00348181,7.62E-05,0.0036343,0.001042,0,0
S_15277189,0.000619331,0.00163721,0.0119134,0.00047979,0,0.00103986,0.000665207,0.0405501,4.59E-05,0.00250026,0.00799395,0.000596393,0.000119278,0.00384558,0.00658326,0.00590658,0.00119279,0.000665207,0,0.000688145,0.855869,0.000878532,0.000550516,0.00139923,0,0.000519932,0.000134571,0.00050464,0.000665207,0.000137629,0.000160567,6.12E-05,0.000734022,0.000391478,0.00674382,0.000114691,0.000665207,0.00442707,0.00025232,0
S_15277190,0.00015972,0.000920672,0.000296623,0,0,0,0.000182537,0.206997,0,0.000114086,0.000707332,0,0,0.000799361,0.000171129,0.00419835,0.000182537,4.56E-05,0,0,0.691633,0.000232735,0,0,0.00015972,5.70E-05,0,0,6.08E-05,0,0.00071874,0,6.85E-05,2.74E-05,0.00015972,0,6.85E-05,0,0.000114086,0.0878061
S_15277191,0.00300202,0.00189728,0.000333558,0,0.00608409,0.00146765,0.000400269,0.0408835,0.000560377,0.00592399,0.00610411,0.00212143,0,0.0218901,0.000240162,0.00897937,0.0077252,0.0016411,8.01E-05,0.000280188,0.854695,0.00387861,0.00500337,0,0.000240162,0,5.60E-05,8.01E-05,0.0052035,0.000600404,0.00168113,0.000226819,0.000120081,0.000904609,0.000440296,0.000200135,0.000200135,0.000200135,0.000280188,0.00588396
S_15277192,0.000194428,0.00163913,0.000237634,0,0.0103263,0.000158422,0.000367252,0.104772,0.00339888,0.000540077,0.00304243,0.000108015,0.00077771,0.00042018,0.000345649,0.0146037,0.000414059,0,0,6.48E-05,0.832971,0,6.48E-05,0.00028084,6.48E-05,0.000302443,0.000125298,0.00974298,6.48E-05,0,8.64E-05,0,0.00250596,0.00160295,0.000151221,0,0.00429901,0.000108015,0,0
S_15277193,0,0.000940678,0.00468348,7.97E-05,0.00372766,0,0.00105139,0.00201358,0.000318604,0.000127442,0.00126911,9.56E-05,0,0.000319666,0.000477906,0.00700928,6.37E-05,6.37E-05,9.56E-05,0,0.970563,0,6.37E-05,0,9.56E-05,0.000334534,4.46E-05,0.000223023,0,0,0.000684998,4.25E-05,0.00111511,0.000541626,0.000382325,0,0.000923951,0.000127442,0,0
S_15277194,0,0.000154287,1.69E-05,0.00010623,0.000101172,0,6.74E-05,0.0617351,0.000101172,0.000303516,0.00165247,6.74E-05,0,0.000605345,6.74E-05,0.00118034,0.000331619,0,0,0,0.931119,1.35E-05,0.000101172,0,0.000101172,0,5.17E-05,0,0,0,0.000236068,0,0.000607031,2.70E-05,0.000202344,0,0.000202344,0,0,0
S_15277195,7.36E-05,0.00076428,0.00543243,8.58E-05,7.36E-05,0,0.0015819,0.0143549,0.000190074,0,0.00156044,0.000147154,0,0.000343359,7.36E-05,0.00211534,0.000226862,0.000257519,0,0,0.941563,0.0030608,0,0,0,0.000643798,0.000134278,0,0,0,0.000239125,4.91E-05,0.00143475,2.94E-05,0.00132438,0,0.000919711,0.000239125,0.000147154,0.0187989
S_15277196,0.000672878,0.00507338,0.000423664,0,0,0.000548271,0.000199371,0.00355379,0,0.00017445,0.00163651,4.98E-05,0,0.00084899,7.48E-05,0.00470184,0.0003489,0,0,0.000124607,0.92284,0.000423664,0.000274136,0,0.00114638,0,0.000224293,0.00181926,0.000473507,0,0.0474005,0,0.000672878,0,0.00132083,0.000249214,0.000274136,0.0010467,0,0.00114015
S_15277197,0.002442,0.0133551,0.00092478,0,0,0.00105001,0.000317893,0.053026,0,0.00297663,0.0294629,0.00141607,0,0.0121512,0.00494661,0.102468,0.000866981,0.00124267,0,0.000317893,0.531633,0.00352572,0.00106928,0,0.00173396,0.00434935,0.00157553,0.019536,0.00134864,0.000144497,0.0117476,5.78E-05,0.00361242,0.00280984,0.00606887,0.000664685,0.0092767,0.00460945,0.00231195,0.0223753
S_15277198,0.0014045,0.00324064,0.00287358,0.00020687,0,0.000895975,0,0.0478111,9.69E-05,9.69E-05,0.0038987,0,0.000145293,0.00397135,0.00271214,0.00503683,0.000294622,0.000314802,0,0.000411664,0.892318,0.000736152,7.26E-05,0.000339017,0.000895975,0,4.84E-05,7.26E-05,7.26E-05,0.000169509,0.00268792,0.000242155,0,0.0001348,0.000411664,0.000145293,0.00200989,0.000314802,0.00043588,0
S_15277199,0.0016287,0.00758889,0.000802105,0.000102865,0.0241048,0.00123438,0.000994365,0.110592,0.003566,0.000480038,0.0320711,0.000171442,0.00179157,0.0063868,0.00174871,0.0260821,0.00102865,0.000274308,0,0.000205731,0.71896,0.000171442,0.000480038,0,0.000857212,0,0.000856069,0.000514327,0.00113152,0.000102865,0.0051947,0.000262878,0.000960077,0.00355228,0.00185158,0.000548615,0.000514327,0.00126867,0.00161156,4.29E-05
S_15277200,0.00762897,0.0063943,0.00204336,0.000153732,0.0328603,0.0169234,0.000768662,0.0422533,0.00438137,0.193741,0.114185,0.0212919,0,0.0719467,0.00347819,0.0510904,0.0828617,0.0106075,0,0.00445824,0.123389,0.0335098,0.0263267,0.0147967,0.000691795,0.000307465,0.000760975,0.000576496,0.0124523,0.00549593,0.00272875,0.000358709,0.00234442,0.00433525,0.00338211,0.000307465,0.00530376,0.000960827,0.00215225,2.88E-05
S_15277201,0.000122874,0.00476313,0.000157981,0,0,5.27E-05,0.000175534,0.0744336,0,0,0.00695555,0,0,0.0008294,0.000351069,0.0071267,0.000122874,0,0,0,0.891609,0.000235216,7.02E-05,0,0.000596817,0.000473943,0.00015096,0,4.10E-05,0.000157981,0.00211519,0.000286706,0.00050905,3.51E-05,0.00114097,0,0.000280855,0.000351069,0.00050905,8.78E-06
S_15277202,0.0040077,0.00452856,0.000575574,0.000214123,0.00017054,0.00196121,0.000483198,0.0408785,5.68E-05,0.0117389,0.0138848,0.00164856,0,0.0142396,0.00208438,0.092736,0.00616787,0.00281392,0,0.00372346,0.609994,0.00133448,0.00312657,0.00125063,0.000227387,0.00299867,0.000676477,0.00505936,0.00182857,0.000312657,0.00591206,0.000852702,0.0109998,0.000301288,0.00602576,0.000198964,0.00625314,0.00201806,0.00162013,0.111114
S_15277203,0.0374948,0.00536379,0.00948397,6.79E-05,0.049846,0.0274848,0.0070239,0.169721,0.022938,0.0659636,0.0400905,0.00831332,0.00240917,0.136617,0.000305387,0.0931431,0.0376248,0.00481833,0,0.00868657,0.0829635,0.012453,0.00960273,0.00515765,0.00186625,0.00714832,0.00166379,0.00471653,0.0377097,0.00125548,0.00322353,0,0.00430935,0.00734965,0.000237523,6.79E-05,0.00546304,0.00223951,0.000339319,0
S_15277204,0.000159399,0.00144275,7.78E-05,6.83E-05,0,0.000273256,6.83E-05,0.0155676,4.55E-05,0.00134351,0.00131505,0.000523741,4.55E-05,0.00118904,0.000478198,0.00468331,0.000618622,0.000182171,0,0.000227713,0.963387,0.00152454,0.000113857,0.000136628,0.00034157,6.83E-05,0.000241376,9.11E-05,0.000136628,0.000204942,0.000364342,3.04E-05,9.11E-05,5.47E-05,0.00050097,0,0.000182171,0.000250485,0.000136628,0
S_15277205,0.00043495,0.00586589,0,0,0.0054171,0.00241199,0.000158164,0.538072,0.000514032,0.00427042,0.0447932,0.000158164,0,0.00966775,0.000652425,0.00747323,0.00312373,0.000316327,0.000158164,7.91E-05,0.308854,0.00209567,0.00458674,0,0.000395409,0,0.000181888,0.000672195,0.00176616,0.000474491,0.00298534,0,0.0095689,0.00109133,0.00177934,7.91E-05,0.00142347,0.000988522,0.000158164,3.95E-05
S_15277206,0,0.000794472,0.000161478,0,0.00142101,0,0,0.0498127,0.000193774,0,0.00133488,0.000129182,0,0.000260518,0.00080739,0.0029066,0.000193774,9.69E-05,0,0,0.93583,0.00014856,0,0,0,0,5.17E-05,9.69E-05,0.000139948,0.000161478,0.000920425,0,6.46E-05,0.00029066,0.000193774,6.46E-05,6.46E-05,0,6.46E-05,0.000403695
S_15277207,0.000175339,0.000210407,0,0,0.00140272,0,0,0.00701942,0.000126634,8.77E-05,0.000823121,0.000116893,0,0.000479261,4.38E-05,0.00203589,0.000146116,0.000116893,0,0.000146116,0.959019,0.000825556,8.77E-05,0,0,0,7.01E-05,0,0.000175339,0,8.77E-05,0,0,0.000216252,8.77E-05,0,0,0,8.77E-05,0.0256361
S_15277208,0,0.000536618,0,6.02E-05,0,0,0,0.0505902,0,0.000168634,0.000618325,9.64E-05,0,0.000297117,4.82E-05,0.00142937,0,0,0,0,0.943507,0,0,0,0,0,0,0,4.82E-05,0,9.64E-05,8.03E-05,7.23E-05,9.64E-06,9.64E-05,0,0.000554083,0.000240906,4.82E-05,4.82E-05
S_15277209,0.00903752,0.0212253,0.00258477,0.00227313,0.00043996,0.0078093,0,0.0671954,0.000586614,0.00333637,0.0147142,0.00021998,0,0.0164661,0.000953247,0.0256033,0.00454626,0.000843257,0,0.00164985,0.247881,0.00367367,0.00128322,0.00619611,0.00663607,0,0.000476624,0.00120989,0.00117323,0.000696604,0.0475157,0.000562172,0.429915,0.000168651,0.00201648,0.00190649,0.0157286,0.00458292,0.000989911,0
S_15277210,6.33E-05,0.00185766,0.00908032,0.0105261,0,0,0.00154541,0.3381,0,0,0.0161086,0,0,0.000439132,0.000760036,0.0138327,0.000177342,0,0,7.60E-05,0.58272,0.000349617,0.000253345,5.07E-05,0.000405353,0.000430687,0.000382341,0.000760036,5.07E-05,0,0.00126673,0.00029557,0.0028628,1.52E-05,0.000962713,0.000202676,0.0027108,0.000177342,0.000608029,0
S_15277211,0,0.000127274,0.00010443,0,0.000731008,0,0,0.0283318,0.000287182,5.22E-05,0.00122705,0,0,0.000208859,6.09E-05,0,0,0,0,0,0.967932,0,0,0,0,0,0,0,0,0,0.000169698,0,0,8.88E-05,0,0,0,7.83E-05,0,0
S_15277212,0.00156571,0.00356091,0.000260952,0,0.00278349,0.000521905,0.00173968,0.584134,0.00163095,0.000652381,0.00693698,0,0.000163095,0.00238481,0.000130476,0.000130476,0.00021746,0.000869841,0,0.00043492,0.365681,0.00119603,0.000260952,8.70E-05,0.000173968,0.000543651,0.00308032,0.00021746,0.000159471,0.000347936,0,0,0.00113079,0.000556698,0.00191365,8.70E-05,0.00426222,0.000391428,0.000130476,0.000141349
S_15277213,0.000594231,0.000653654,0.000330128,0,0.00660256,0.000616239,0.00125449,0.0105674,0.00224487,0.000462179,0.00314722,0,0.000792308,0.00220636,0.000363141,0,0.000506197,0.000330128,0,0.000330128,0.947732,0.000115545,0.000594231,0.000198077,0,0.000561218,3.96E-05,0.000264103,0,0,0.000132051,0,0,0.00132051,0.000330128,0.000198077,0.000594231,0,0,0.0101349
S_15277214,0.00141761,0.000476782,0.000147668,0.000376553,0.000265802,0,0.000132901,0.24359,0.000310102,0.000287952,0.00824724,0,0.000841706,0.00190233,0.000454078,0.000276877,0.00101891,0.000708805,0,0,0.725196,0.000387628,0.000686655,0,0.000642354,0,0.000222978,0,8.86E-05,0.000310102,6.65E-05,0,0.000243652,6.20E-05,0.00101891,0.000730955,0.000265802,4.43E-05,0.000287952,0
S_15277215,5.46E-05,0.000419767,0,0,0.00101017,0,0,0.0797653,0.000473233,5.46E-05,0.426406,0,0.000163811,7.96E-05,0,0,0,0,0,0,0.489769,0,0,0,0.00013651,0,0,0,0,0,0.000696199,0,8.19E-05,0.00013651,0,0,8.19E-05,0,0,0
S_15277216,0.000124225,0.000212218,0,0,0.00227746,0,0.000124225,0.186371,0.00107662,0,8.97E-05,0,0.000331268,0.000158732,8.28E-05,0,0,0,0,0,0.806223,8.28E-05,8.28E-05,0,0,0,6.63E-05,8.28E-05,0,0,0,0,0.000579718,0.000530028,0.000124225,0,0.000207042,0,0,0
S_15277217,0.00196433,0.00637786,0,0,0.0354708,0.000112892,0,0.0697675,0.0158049,0.00198691,0.0197298,0,0.0165049,0.00294273,0.000203206,0,0,0.000158049,0,0.0014676,0.791805,0,0,0.00164823,0,0,0.00107474,0,0,0,0,0,0.00223527,0.00400091,0.0017837,0.0017837,0.00106119,4.52E-05,0,0.000287876
S_15277218,0.000100085,0.000287745,0,0,0.00495421,0.00020017,0,0.220788,0.00255217,0.00077566,0.00389915,7.51E-05,0.000125106,0.00185032,0.00020017,0,0.000913277,0,0,0.000150128,0.758821,8.01E-05,0.000375319,0,0,0,5.34E-05,5.00E-05,0.00057549,7.51E-05,0.000250213,0,0.000525447,0.000725617,7.51E-05,7.51E-05,0,8.76E-05,0,0
S_15277219,0.00442499,0.00766755,0.00511983,0,0.064071,0.000219421,0,0.0660312,0.029695,0,0.0038033,0,0.00096911,0.0101239,0.0209913,0,0.00833801,0.00497355,0,0.000877685,0.389107,0.00482727,0.00190165,0.000731404,0.00160909,0.00193822,0.00072409,0.00329132,0.00338884,0,0.00950825,0.000877685,0.000731404,0.00861594,0.000731404,0.000877685,0.000292562,0.000658264,0.000219421,0.310188
S_15277220,0,0.000438267,0,0,0.00143013,0,0,0.0428025,0.000507467,0,0.00338311,0,0,3.08E-05,0,0,9.23E-05,0,0,0,0.947717,0,0,0,0,0,5.54E-05,0,0,0,9.23E-05,0,0,0.000350613,0.000230667,0,0,0.0001384,0.0001384,0
S_15277221,0.0329554,0.0195408,0.00288952,0.0519566,0.0166199,0.0144847,0.00205276,0.161752,0.00588622,0.0148145,0.0051525,0.00202802,0.0043281,0.0719021,0.00534211,0.000997524,0.0314138,0.0132069,0,0.00111294,0.272101,0.00921762,0.00764219,0.00504533,0.00336355,0.000511128,0.00150865,0.0100412,0.0006183,0.00148392,0.00779058,0.0294805,0.00383346,0.00204286,0.0109563,0.00143446,0.00276998,0.00148392,0.00536684,0.00508243
S_15277222,0.0002077,0.00151102,0.000686564,0,0.0152313,0,0.000138467,0.00630716,0.00733874,0.00031155,0.000594253,0,0.00010385,0.00273241,0.000242317,0.00051925,0.000276933,0,0,6.92E-05,0.944793,0.00051925,0.0004154,0,0.000657717,6.92E-05,0.000193853,0,0.000450017,0,0.00093465,0,0.000553867,0.00262394,0.000173083,0,0.000138467,0.00010385,0.000138467,0.00737335
S_15277223,0,3.93E-05,4.30E-05,0,0.000365745,0,0,0.00461699,0.000365745,0,0.000136258,0,0.000107572,6.45E-05,0,0,0,0,0,0,0.992202,0,0,0,0,0,7.10E-05,0,0,0,0,0,0,0.000133389,0,4.30E-05,4.30E-05,0,0,0.00156517
S_15277224,0,0.000647515,0,0,0.00201201,0,0,3.83E-05,0.000415176,0,6.39E-05,0,9.58E-05,0,0,0.000159683,0,0,0,0,0.994187,0,0,0,6.39E-05,9.58E-05,0.000108585,0,0,0,0.000255493,0,0.000479049,0.000281042,0.000159683,0,0.000127747,0.00019162,0,3.19E-05
S_15277225,7.66E-05,0.000163431,0,0,0,0,0.000102145,0.12361,0.000107252,0,0.000970374,0,0.000517107,0.000150663,0.000255362,7.66E-05,0,0,0,0,0.869455,0,0,0,0,7.66E-05,4.09E-05,0,0,0,0,0,0.000612868,0,5.11E-05,0,0,0,0.000153217,0
S_15277226,0.000124755,0.000178399,0.000399215,0,0.00134735,0.000199608,0.000149706,0.0285739,0.000548921,0.000648725,0.00199608,0,0,0.00110616,0,0,0.000307729,0.000149706,0,9.98E-05,0.959265,0.00168419,0.000299412,0,0,9.98E-05,5.99E-05,0,0.000432483,0.000449117,7.49E-05,0,0,0.000409196,0,0,0,9.98E-05,0,0
S_15277227,0.000794726,0.00246014,0,7.79E-05,0.00765118,0.000233743,0.000529817,0.120424,0.00326201,0,0.00115833,4.67E-05,0.000444111,0.000822775,0.000296074,0,0.0002727,0.00021816,0,0,0.824021,0.000451903,0.000186994,0,0.000124663,0.000171411,0.00011843,0,0,0.000155829,0.000638897,1.04E-05,0.000124663,0.00106275,0.000373988,9.35E-05,3.12E-05,0.000522026,0.00010908,0.0287971
S_15277230,0,0.000347978,0.000128881,0,0.00208271,0,0.000164967,0.156546,0.000536143,0,0.00906632,4.12E-05,0.000103104,6.60E-05,0.000144346,4.81E-05,0,8.25E-05,0,0,0.81335,0.000257761,0,0,0.000103104,4.12E-05,3.99E-05,6.19E-05,0,0,0,0,6.19E-05,0.000321686,0,0,0.000123725,6.19E-05,0,0.0147078
S_15277241,0.00238106,0.00642446,0.000160341,3.21E-05,0.0201067,0.00153927,0.000224477,0.0115702,0.00891495,0.00537142,0.00557452,0.000625329,0.0018792,0.0089994,0.00690268,7.48E-05,0.00358362,0.000481023,0,0.000593261,0.870731,0.000633347,0.00203633,0.000416886,0.000400852,0.000208443,0.00101576,4.81E-05,0.00181185,0.000256545,0.0020684,0.000673432,0.00142703,0.00342167,0.00210047,0.000288614,0.00129876,0.00116247,0,0
S_15277252,0.00270054,0.00213622,0,0.0018314,0.0480696,0.000502859,0.00134096,0.166942,0.0238393,0.00441399,0.00885591,0.004116,0.00101193,0.0179204,0.00324996,0,0.00494479,0.00171345,0,0.000148995,0.601625,0.00452574,0.00830649,0.000260742,0.000782226,0,0.00158928,0,0.00145891,0.00128509,0.0021325,0.00174449,0.0124784,0.0074386,0.0049541,0.000875348,0.00514034,0.000828787,0,0.00561992
S_15277263,0.0157477,0.00148179,0.00386043,0.000423705,0.0398754,0.0093529,0.0101689,0.0196034,0.0136449,0.0397341,0.0157477,0.00141235,0.00100042,0.112765,0.013692,0.0538576,0.0118402,0.0189255,0,0.00418997,0.343601,0.0109693,0.0173248,0.00899197,0.00028247,0.000910182,0.00259166,0.00861534,0.0127739,0.000470784,0,0,0.000988645,0.00475491,0.000423705,0.000376627,0.0010828,0.000588479,0,0.00353088
S_15277274,0,0,0,0,0.000718227,0,0,0.00121223,0.000198534,3.50E-05,0.000166418,0,0,6.77E-05,0,0.00143061,0,0,0,0,0.995743,0,0,0,0,0,4.20E-05,5.26E-05,0,0,5.26E-05,0,0,0.000112113,0,0,0,3.50E-05,0,1.75E-05
S_15277285,0.00102133,0.00309716,0.00285856,0.000140873,0.0110938,0.000950895,0.0013383,0.190003,0.00454317,0.000810022,0.0102955,0.00119742,0.000572298,0.00576407,7.04E-05,0.0168344,0.00324009,0.000669148,0,0.00119742,0.710777,0.000669148,0.00246528,0.000140873,0.000176092,0.000123264,0.00280808,0.00042262,0.00216006,0.000457838,0.00021131,0,0.000140873,0.00194405,0.00162004,0.000176092,0.00105655,0.000316965,0.000493057,0
S_15277296,6.92E-05,0.00034596,0.000588133,0,0.00342501,6.92E-05,0.00183359,0.156464,0.00169521,0.000138384,0.00265236,6.92E-05,0.000207576,0.000596781,0,0.00619846,0.000351726,0.000138384,0,0,0.819199,0.000830305,6.92E-05,0.000138384,0,0.000501642,0.000242172,0,0,0,0,0,0,0.00051894,0,0,0,0.000103788,0,0.00070057
